"","INTERVALSTARTTIME_GMT","INTERVALENDTIME_GMT","SLRS_TYPE","OPR_DT","OPR_HR","OPR_INTERVAL","MARKET_RUN_ID","TAC_ZONE_NAME","SCHEDULE","XML_DATA_ITEM","POS","MW","GROUP"
"1","2019-09-10T08:05:00-00:00","2019-09-10T08:10:00-00:00","ALL","2019-09-10",2,2,"RTM","Caiso_Totals","Export","ISO_TOT_EXP_MW",1,21531.34,1
"2","2019-09-10T08:20:00-00:00","2019-09-10T08:25:00-00:00","ALL","2019-09-10",2,5,"RTM","Caiso_Totals","Export","ISO_TOT_EXP_MW",1,21456.33,1
"3","2019-09-10T09:10:00-00:00","2019-09-10T09:15:00-00:00","ALL","2019-09-10",3,3,"RTM","Caiso_Totals","Export","ISO_TOT_EXP_MW",1,21763.23,1
"4","2019-09-10T09:35:00-00:00","2019-09-10T09:40:00-00:00","ALL","2019-09-10",3,8,"RTM","Caiso_Totals","Export","ISO_TOT_EXP_MW",1,21433.09,1
"5","2019-09-10T09:50:00-00:00","2019-09-10T09:55:00-00:00","ALL","2019-09-10",3,11,"RTM","Caiso_Totals","Export","ISO_TOT_EXP_MW",1,21449.72,1
"6","2019-09-10T10:10:00-00:00","2019-09-10T10:15:00-00:00","ALL","2019-09-10",4,3,"RTM","Caiso_Totals","Export","ISO_TOT_EXP_MW",1,21660.05,1
"7","2019-09-10T10:20:00-00:00","2019-09-10T10:25:00-00:00","ALL","2019-09-10",4,5,"RTM","Caiso_Totals","Export","ISO_TOT_EXP_MW",1,21504.96,1
"8","2019-09-10T11:50:00-00:00","2019-09-10T11:55:00-00:00","ALL","2019-09-10",5,11,"RTM","Caiso_Totals","Export","ISO_TOT_EXP_MW",1,21483.8,1
"9","2019-09-10T11:55:00-00:00","2019-09-10T12:00:00-00:00","ALL","2019-09-10",5,12,"RTM","Caiso_Totals","Export","ISO_TOT_EXP_MW",1,21511.77,1
"10","2019-09-10T12:20:00-00:00","2019-09-10T12:25:00-00:00","ALL","2019-09-10",6,5,"RTM","Caiso_Totals","Export","ISO_TOT_EXP_MW",1,21404.23,1
"11","2019-09-10T14:15:00-00:00","2019-09-10T14:20:00-00:00","ALL","2019-09-10",8,4,"RTM","Caiso_Totals","Export","ISO_TOT_EXP_MW",1,23029.71,1
"12","2019-09-10T16:40:00-00:00","2019-09-10T16:45:00-00:00","ALL","2019-09-10",10,9,"RTM","Caiso_Totals","Export","ISO_TOT_EXP_MW",1,20756.31,1
"13","2019-09-10T17:00:00-00:00","2019-09-10T17:05:00-00:00","ALL","2019-09-10",11,1,"RTM","Caiso_Totals","Export","ISO_TOT_EXP_MW",1,20181.56,1
"14","2019-09-10T17:40:00-00:00","2019-09-10T17:45:00-00:00","ALL","2019-09-10",11,9,"RTM","Caiso_Totals","Export","ISO_TOT_EXP_MW",1,20645.24,1
"15","2019-09-10T18:20:00-00:00","2019-09-10T18:25:00-00:00","ALL","2019-09-10",12,5,"RTM","Caiso_Totals","Export","ISO_TOT_EXP_MW",1,20661.75,1
"16","2019-09-10T19:20:00-00:00","2019-09-10T19:25:00-00:00","ALL","2019-09-10",13,5,"RTM","Caiso_Totals","Export","ISO_TOT_EXP_MW",1,21168.41,1
"17","2019-09-10T20:05:00-00:00","2019-09-10T20:10:00-00:00","ALL","2019-09-10",14,2,"RTM","Caiso_Totals","Export","ISO_TOT_EXP_MW",1,20868.46,1
"18","2019-09-10T20:30:00-00:00","2019-09-10T20:35:00-00:00","ALL","2019-09-10",14,7,"RTM","Caiso_Totals","Export","ISO_TOT_EXP_MW",1,20797.54,1
"19","2019-09-10T20:50:00-00:00","2019-09-10T20:55:00-00:00","ALL","2019-09-10",14,11,"RTM","Caiso_Totals","Export","ISO_TOT_EXP_MW",1,20796.87,1
"20","2019-09-10T21:00:00-00:00","2019-09-10T21:05:00-00:00","ALL","2019-09-10",15,1,"RTM","Caiso_Totals","Export","ISO_TOT_EXP_MW",1,21491.14,1
"21","2019-09-10T21:15:00-00:00","2019-09-10T21:20:00-00:00","ALL","2019-09-10",15,4,"RTM","Caiso_Totals","Export","ISO_TOT_EXP_MW",1,22880.16,1
"22","2019-09-10T22:00:00-00:00","2019-09-10T22:05:00-00:00","ALL","2019-09-10",16,1,"RTM","Caiso_Totals","Export","ISO_TOT_EXP_MW",1,22663.95,1
"23","2019-09-10T22:20:00-00:00","2019-09-10T22:25:00-00:00","ALL","2019-09-10",16,5,"RTM","Caiso_Totals","Export","ISO_TOT_EXP_MW",1,22483.01,1
"24","2019-09-10T23:00:00-00:00","2019-09-10T23:05:00-00:00","ALL","2019-09-10",17,1,"RTM","Caiso_Totals","Export","ISO_TOT_EXP_MW",1,22230.9,1
"25","2019-09-11T00:10:00-00:00","2019-09-11T00:15:00-00:00","ALL","2019-09-10",18,3,"RTM","Caiso_Totals","Export","ISO_TOT_EXP_MW",1,22376.17,1
"26","2019-09-11T00:20:00-00:00","2019-09-11T00:25:00-00:00","ALL","2019-09-10",18,5,"RTM","Caiso_Totals","Export","ISO_TOT_EXP_MW",1,22085.97,1
"27","2019-09-11T01:05:00-00:00","2019-09-11T01:10:00-00:00","ALL","2019-09-10",19,2,"RTM","Caiso_Totals","Export","ISO_TOT_EXP_MW",1,22585.99,1
"28","2019-09-11T01:20:00-00:00","2019-09-11T01:25:00-00:00","ALL","2019-09-10",19,5,"RTM","Caiso_Totals","Export","ISO_TOT_EXP_MW",1,21884.46,1
"29","2019-09-11T01:30:00-00:00","2019-09-11T01:35:00-00:00","ALL","2019-09-10",19,7,"RTM","Caiso_Totals","Export","ISO_TOT_EXP_MW",1,21863.72,1
"30","2019-09-11T02:00:00-00:00","2019-09-11T02:05:00-00:00","ALL","2019-09-10",20,1,"RTM","Caiso_Totals","Export","ISO_TOT_EXP_MW",1,21998.24,1
"31","2019-09-11T02:25:00-00:00","2019-09-11T02:30:00-00:00","ALL","2019-09-10",20,6,"RTM","Caiso_Totals","Export","ISO_TOT_EXP_MW",1,23120.26,1
"32","2019-09-11T04:45:00-00:00","2019-09-11T04:50:00-00:00","ALL","2019-09-10",22,10,"RTM","Caiso_Totals","Export","ISO_TOT_EXP_MW",1,21375.03,1
"33","2019-09-11T04:50:00-00:00","2019-09-11T04:55:00-00:00","ALL","2019-09-10",22,11,"RTM","Caiso_Totals","Export","ISO_TOT_EXP_MW",1,21301.47,1
"34","2019-09-11T05:35:00-00:00","2019-09-11T05:40:00-00:00","ALL","2019-09-10",23,8,"RTM","Caiso_Totals","Export","ISO_TOT_EXP_MW",1,20326.71,1
"35","2019-09-11T06:55:00-00:00","2019-09-11T07:00:00-00:00","ALL","2019-09-10",24,12,"RTM","Caiso_Totals","Export","ISO_TOT_EXP_MW",1,18404.09,1
"36","2019-09-10T08:15:00-00:00","2019-09-10T08:20:00-00:00","ALL","2019-09-10",2,4,"RTM","Caiso_Totals","Export","ISO_TOT_EXP_MW",1,21422.08,1
"37","2019-09-10T08:30:00-00:00","2019-09-10T08:35:00-00:00","ALL","2019-09-10",2,7,"RTM","Caiso_Totals","Export","ISO_TOT_EXP_MW",1,21334.6,1
"38","2019-09-10T09:15:00-00:00","2019-09-10T09:20:00-00:00","ALL","2019-09-10",3,4,"RTM","Caiso_Totals","Export","ISO_TOT_EXP_MW",1,21755.4,1
"39","2019-09-10T09:30:00-00:00","2019-09-10T09:35:00-00:00","ALL","2019-09-10",3,7,"RTM","Caiso_Totals","Export","ISO_TOT_EXP_MW",1,21464.57,1
"40","2019-09-10T09:55:00-00:00","2019-09-10T10:00:00-00:00","ALL","2019-09-10",3,12,"RTM","Caiso_Totals","Export","ISO_TOT_EXP_MW",1,21531.62,1
"41","2019-09-10T10:05:00-00:00","2019-09-10T10:10:00-00:00","ALL","2019-09-10",4,2,"RTM","Caiso_Totals","Export","ISO_TOT_EXP_MW",1,21710.94,1
"42","2019-09-10T11:25:00-00:00","2019-09-10T11:30:00-00:00","ALL","2019-09-10",5,6,"RTM","Caiso_Totals","Export","ISO_TOT_EXP_MW",1,21692.77,1
"43","2019-09-10T11:35:00-00:00","2019-09-10T11:40:00-00:00","ALL","2019-09-10",5,8,"RTM","Caiso_Totals","Export","ISO_TOT_EXP_MW",1,21815.67,1
"44","2019-09-10T12:10:00-00:00","2019-09-10T12:15:00-00:00","ALL","2019-09-10",6,3,"RTM","Caiso_Totals","Export","ISO_TOT_EXP_MW",1,21228.72,1
"45","2019-09-10T14:10:00-00:00","2019-09-10T14:15:00-00:00","ALL","2019-09-10",8,3,"RTM","Caiso_Totals","Export","ISO_TOT_EXP_MW",1,23097.56,1
"46","2019-09-10T15:20:00-00:00","2019-09-10T15:25:00-00:00","ALL","2019-09-10",9,5,"RTM","Caiso_Totals","Export","ISO_TOT_EXP_MW",1,20884.07,1
"47","2019-09-10T16:05:00-00:00","2019-09-10T16:10:00-00:00","ALL","2019-09-10",10,2,"RTM","Caiso_Totals","Export","ISO_TOT_EXP_MW",1,20885.13,1
"48","2019-09-10T17:20:00-00:00","2019-09-10T17:25:00-00:00","ALL","2019-09-10",11,5,"RTM","Caiso_Totals","Export","ISO_TOT_EXP_MW",1,20552.08,1
"49","2019-09-10T18:05:00-00:00","2019-09-10T18:10:00-00:00","ALL","2019-09-10",12,2,"RTM","Caiso_Totals","Export","ISO_TOT_EXP_MW",1,20815.58,1
"50","2019-09-10T18:10:00-00:00","2019-09-10T18:15:00-00:00","ALL","2019-09-10",12,3,"RTM","Caiso_Totals","Export","ISO_TOT_EXP_MW",1,20906.43,1
"51","2019-09-10T19:15:00-00:00","2019-09-10T19:20:00-00:00","ALL","2019-09-10",13,4,"RTM","Caiso_Totals","Export","ISO_TOT_EXP_MW",1,21162.72,1
"52","2019-09-10T19:50:00-00:00","2019-09-10T19:55:00-00:00","ALL","2019-09-10",13,11,"RTM","Caiso_Totals","Export","ISO_TOT_EXP_MW",1,21209.24,1
"53","2019-09-10T21:10:00-00:00","2019-09-10T21:15:00-00:00","ALL","2019-09-10",15,3,"RTM","Caiso_Totals","Export","ISO_TOT_EXP_MW",1,22564.79,1
"54","2019-09-10T23:45:00-00:00","2019-09-10T23:50:00-00:00","ALL","2019-09-10",17,10,"RTM","Caiso_Totals","Export","ISO_TOT_EXP_MW",1,22763.72,1
"55","2019-09-10T23:50:00-00:00","2019-09-10T23:55:00-00:00","ALL","2019-09-10",17,11,"RTM","Caiso_Totals","Export","ISO_TOT_EXP_MW",1,22578.38,1
"56","2019-09-11T00:00:00-00:00","2019-09-11T00:05:00-00:00","ALL","2019-09-10",18,1,"RTM","Caiso_Totals","Export","ISO_TOT_EXP_MW",1,22811.52,1
"57","2019-09-11T00:25:00-00:00","2019-09-11T00:30:00-00:00","ALL","2019-09-10",18,6,"RTM","Caiso_Totals","Export","ISO_TOT_EXP_MW",1,22055.65,1
"58","2019-09-11T03:10:00-00:00","2019-09-11T03:15:00-00:00","ALL","2019-09-10",21,3,"RTM","Caiso_Totals","Export","ISO_TOT_EXP_MW",1,22515.98,1
"59","2019-09-11T03:50:00-00:00","2019-09-11T03:55:00-00:00","ALL","2019-09-10",21,11,"RTM","Caiso_Totals","Export","ISO_TOT_EXP_MW",1,22448.86,1
"60","2019-09-11T06:10:00-00:00","2019-09-11T06:15:00-00:00","ALL","2019-09-10",24,3,"RTM","Caiso_Totals","Export","ISO_TOT_EXP_MW",1,18577.66,1
"61","2019-09-11T06:20:00-00:00","2019-09-11T06:25:00-00:00","ALL","2019-09-10",24,5,"RTM","Caiso_Totals","Export","ISO_TOT_EXP_MW",1,18599.14,1
"62","2019-09-11T06:30:00-00:00","2019-09-11T06:35:00-00:00","ALL","2019-09-10",24,7,"RTM","Caiso_Totals","Export","ISO_TOT_EXP_MW",1,18631.62,1
"63","2019-09-11T06:40:00-00:00","2019-09-11T06:45:00-00:00","ALL","2019-09-10",24,9,"RTM","Caiso_Totals","Export","ISO_TOT_EXP_MW",1,18823.38,1
"64","2019-09-10T08:45:00-00:00","2019-09-10T08:50:00-00:00","ALL","2019-09-10",2,10,"RTM","Caiso_Totals","Export","ISO_TOT_EXP_MW",1,21381.94,1
"65","2019-09-10T09:05:00-00:00","2019-09-10T09:10:00-00:00","ALL","2019-09-10",3,2,"RTM","Caiso_Totals","Export","ISO_TOT_EXP_MW",1,21680.64,1
"66","2019-09-10T11:20:00-00:00","2019-09-10T11:25:00-00:00","ALL","2019-09-10",5,5,"RTM","Caiso_Totals","Export","ISO_TOT_EXP_MW",1,21618.89,1
"67","2019-09-10T13:00:00-00:00","2019-09-10T13:05:00-00:00","ALL","2019-09-10",7,1,"RTM","Caiso_Totals","Export","ISO_TOT_EXP_MW",1,21964.38,1
"68","2019-09-10T13:40:00-00:00","2019-09-10T13:45:00-00:00","ALL","2019-09-10",7,9,"RTM","Caiso_Totals","Export","ISO_TOT_EXP_MW",1,22638.18,1
"69","2019-09-10T13:50:00-00:00","2019-09-10T13:55:00-00:00","ALL","2019-09-10",7,11,"RTM","Caiso_Totals","Export","ISO_TOT_EXP_MW",1,22589.47,1
"70","2019-09-10T14:25:00-00:00","2019-09-10T14:30:00-00:00","ALL","2019-09-10",8,6,"RTM","Caiso_Totals","Export","ISO_TOT_EXP_MW",1,22901.22,1
"71","2019-09-10T14:40:00-00:00","2019-09-10T14:45:00-00:00","ALL","2019-09-10",8,9,"RTM","Caiso_Totals","Export","ISO_TOT_EXP_MW",1,22033.63,1
"72","2019-09-10T14:55:00-00:00","2019-09-10T15:00:00-00:00","ALL","2019-09-10",8,12,"RTM","Caiso_Totals","Export","ISO_TOT_EXP_MW",1,20702.72,1
"73","2019-09-10T15:40:00-00:00","2019-09-10T15:45:00-00:00","ALL","2019-09-10",9,9,"RTM","Caiso_Totals","Export","ISO_TOT_EXP_MW",1,20646.14,1
"74","2019-09-10T15:50:00-00:00","2019-09-10T15:55:00-00:00","ALL","2019-09-10",9,11,"RTM","Caiso_Totals","Export","ISO_TOT_EXP_MW",1,21267.88,1
"75","2019-09-10T16:25:00-00:00","2019-09-10T16:30:00-00:00","ALL","2019-09-10",10,6,"RTM","Caiso_Totals","Export","ISO_TOT_EXP_MW",1,20508.98,1
"76","2019-09-10T16:50:00-00:00","2019-09-10T16:55:00-00:00","ALL","2019-09-10",10,11,"RTM","Caiso_Totals","Export","ISO_TOT_EXP_MW",1,20798.61,1
"77","2019-09-10T17:05:00-00:00","2019-09-10T17:10:00-00:00","ALL","2019-09-10",11,2,"RTM","Caiso_Totals","Export","ISO_TOT_EXP_MW",1,20023.94,1
"78","2019-09-10T17:30:00-00:00","2019-09-10T17:35:00-00:00","ALL","2019-09-10",11,7,"RTM","Caiso_Totals","Export","ISO_TOT_EXP_MW",1,20383.67,1
"79","2019-09-10T18:00:00-00:00","2019-09-10T18:05:00-00:00","ALL","2019-09-10",12,1,"RTM","Caiso_Totals","Export","ISO_TOT_EXP_MW",1,21133.15,1
"80","2019-09-10T18:30:00-00:00","2019-09-10T18:35:00-00:00","ALL","2019-09-10",12,7,"RTM","Caiso_Totals","Export","ISO_TOT_EXP_MW",1,20782.17,1
"81","2019-09-10T19:10:00-00:00","2019-09-10T19:15:00-00:00","ALL","2019-09-10",13,3,"RTM","Caiso_Totals","Export","ISO_TOT_EXP_MW",1,21087.44,1
"82","2019-09-10T19:35:00-00:00","2019-09-10T19:40:00-00:00","ALL","2019-09-10",13,8,"RTM","Caiso_Totals","Export","ISO_TOT_EXP_MW",1,21352.78,1
"83","2019-09-10T20:15:00-00:00","2019-09-10T20:20:00-00:00","ALL","2019-09-10",14,4,"RTM","Caiso_Totals","Export","ISO_TOT_EXP_MW",1,21050.51,1
"84","2019-09-10T21:05:00-00:00","2019-09-10T21:10:00-00:00","ALL","2019-09-10",15,2,"RTM","Caiso_Totals","Export","ISO_TOT_EXP_MW",1,21903.58,1
"85","2019-09-10T21:40:00-00:00","2019-09-10T21:45:00-00:00","ALL","2019-09-10",15,9,"RTM","Caiso_Totals","Export","ISO_TOT_EXP_MW",1,22635.51,1
"86","2019-09-10T22:15:00-00:00","2019-09-10T22:20:00-00:00","ALL","2019-09-10",16,4,"RTM","Caiso_Totals","Export","ISO_TOT_EXP_MW",1,22686.84,1
"87","2019-09-10T22:30:00-00:00","2019-09-10T22:35:00-00:00","ALL","2019-09-10",16,7,"RTM","Caiso_Totals","Export","ISO_TOT_EXP_MW",1,21994.16,1
"88","2019-09-10T22:40:00-00:00","2019-09-10T22:45:00-00:00","ALL","2019-09-10",16,9,"RTM","Caiso_Totals","Export","ISO_TOT_EXP_MW",1,22017.46,1
"89","2019-09-10T22:50:00-00:00","2019-09-10T22:55:00-00:00","ALL","2019-09-10",16,11,"RTM","Caiso_Totals","Export","ISO_TOT_EXP_MW",1,22514.19,1
"90","2019-09-10T23:05:00-00:00","2019-09-10T23:10:00-00:00","ALL","2019-09-10",17,2,"RTM","Caiso_Totals","Export","ISO_TOT_EXP_MW",1,22166.01,1
"91","2019-09-10T23:35:00-00:00","2019-09-10T23:40:00-00:00","ALL","2019-09-10",17,8,"RTM","Caiso_Totals","Export","ISO_TOT_EXP_MW",1,22666.98,1
"92","2019-09-11T00:45:00-00:00","2019-09-11T00:50:00-00:00","ALL","2019-09-10",18,10,"RTM","Caiso_Totals","Export","ISO_TOT_EXP_MW",1,21929.67,1
"93","2019-09-11T01:10:00-00:00","2019-09-11T01:15:00-00:00","ALL","2019-09-10",19,3,"RTM","Caiso_Totals","Export","ISO_TOT_EXP_MW",1,22149.07,1
"94","2019-09-11T01:15:00-00:00","2019-09-11T01:20:00-00:00","ALL","2019-09-10",19,4,"RTM","Caiso_Totals","Export","ISO_TOT_EXP_MW",1,22035.16,1
"95","2019-09-11T01:35:00-00:00","2019-09-11T01:40:00-00:00","ALL","2019-09-10",19,8,"RTM","Caiso_Totals","Export","ISO_TOT_EXP_MW",1,22103.74,1
"96","2019-09-11T01:50:00-00:00","2019-09-11T01:55:00-00:00","ALL","2019-09-10",19,11,"RTM","Caiso_Totals","Export","ISO_TOT_EXP_MW",1,22047.91,1
"97","2019-09-11T01:55:00-00:00","2019-09-11T02:00:00-00:00","ALL","2019-09-10",19,12,"RTM","Caiso_Totals","Export","ISO_TOT_EXP_MW",1,21970.16,1
"98","2019-09-11T02:30:00-00:00","2019-09-11T02:35:00-00:00","ALL","2019-09-10",20,7,"RTM","Caiso_Totals","Export","ISO_TOT_EXP_MW",1,23154.42,1
"99","2019-09-11T03:40:00-00:00","2019-09-11T03:45:00-00:00","ALL","2019-09-10",21,9,"RTM","Caiso_Totals","Export","ISO_TOT_EXP_MW",1,22474.39,1
"100","2019-09-11T04:35:00-00:00","2019-09-11T04:40:00-00:00","ALL","2019-09-10",22,8,"RTM","Caiso_Totals","Export","ISO_TOT_EXP_MW",1,21430.09,1
"101","2019-09-11T05:10:00-00:00","2019-09-11T05:15:00-00:00","ALL","2019-09-10",23,3,"RTM","Caiso_Totals","Export","ISO_TOT_EXP_MW",1,20827.12,1
"102","2019-09-11T05:25:00-00:00","2019-09-11T05:30:00-00:00","ALL","2019-09-10",23,6,"RTM","Caiso_Totals","Export","ISO_TOT_EXP_MW",1,20586.23,1
"103","2019-09-11T05:55:00-00:00","2019-09-11T06:00:00-00:00","ALL","2019-09-10",23,12,"RTM","Caiso_Totals","Export","ISO_TOT_EXP_MW",1,19363.21,1
"104","2019-09-10T08:00:00-00:00","2019-09-10T08:05:00-00:00","ALL","2019-09-10",2,1,"RTM","Caiso_Totals","Export","ISO_TOT_EXP_MW",1,21662.14,1
"105","2019-09-10T08:25:00-00:00","2019-09-10T08:30:00-00:00","ALL","2019-09-10",2,6,"RTM","Caiso_Totals","Export","ISO_TOT_EXP_MW",1,21434.72,1
"106","2019-09-10T08:55:00-00:00","2019-09-10T09:00:00-00:00","ALL","2019-09-10",2,12,"RTM","Caiso_Totals","Export","ISO_TOT_EXP_MW",1,21454.31,1
"107","2019-09-10T10:35:00-00:00","2019-09-10T10:40:00-00:00","ALL","2019-09-10",4,8,"RTM","Caiso_Totals","Export","ISO_TOT_EXP_MW",1,21530.94,1
"108","2019-09-10T11:30:00-00:00","2019-09-10T11:35:00-00:00","ALL","2019-09-10",5,7,"RTM","Caiso_Totals","Export","ISO_TOT_EXP_MW",1,21804.91,1
"109","2019-09-10T11:40:00-00:00","2019-09-10T11:45:00-00:00","ALL","2019-09-10",5,9,"RTM","Caiso_Totals","Export","ISO_TOT_EXP_MW",1,21774.4,1
"110","2019-09-10T12:00:00-00:00","2019-09-10T12:05:00-00:00","ALL","2019-09-10",6,1,"RTM","Caiso_Totals","Export","ISO_TOT_EXP_MW",1,21245.75,1
"111","2019-09-10T12:05:00-00:00","2019-09-10T12:10:00-00:00","ALL","2019-09-10",6,2,"RTM","Caiso_Totals","Export","ISO_TOT_EXP_MW",1,21182.19,1
"112","2019-09-10T12:35:00-00:00","2019-09-10T12:40:00-00:00","ALL","2019-09-10",6,8,"RTM","Caiso_Totals","Export","ISO_TOT_EXP_MW",1,21406.9,1
"113","2019-09-10T14:00:00-00:00","2019-09-10T14:05:00-00:00","ALL","2019-09-10",8,1,"RTM","Caiso_Totals","Export","ISO_TOT_EXP_MW",1,22838.88,1
"114","2019-09-10T16:20:00-00:00","2019-09-10T16:25:00-00:00","ALL","2019-09-10",10,5,"RTM","Caiso_Totals","Export","ISO_TOT_EXP_MW",1,20355.21,1
"115","2019-09-10T16:30:00-00:00","2019-09-10T16:35:00-00:00","ALL","2019-09-10",10,7,"RTM","Caiso_Totals","Export","ISO_TOT_EXP_MW",1,20548.26,1
"116","2019-09-10T17:25:00-00:00","2019-09-10T17:30:00-00:00","ALL","2019-09-10",11,6,"RTM","Caiso_Totals","Export","ISO_TOT_EXP_MW",1,20456.47,1
"117","2019-09-10T18:50:00-00:00","2019-09-10T18:55:00-00:00","ALL","2019-09-10",12,11,"RTM","Caiso_Totals","Export","ISO_TOT_EXP_MW",1,21034.4,1
"118","2019-09-10T21:50:00-00:00","2019-09-10T21:55:00-00:00","ALL","2019-09-10",15,11,"RTM","Caiso_Totals","Export","ISO_TOT_EXP_MW",1,22086.32,1
"119","2019-09-10T22:45:00-00:00","2019-09-10T22:50:00-00:00","ALL","2019-09-10",16,10,"RTM","Caiso_Totals","Export","ISO_TOT_EXP_MW",1,22060.16,1
"120","2019-09-10T23:10:00-00:00","2019-09-10T23:15:00-00:00","ALL","2019-09-10",17,3,"RTM","Caiso_Totals","Export","ISO_TOT_EXP_MW",1,22253.52,1
"121","2019-09-11T00:30:00-00:00","2019-09-11T00:35:00-00:00","ALL","2019-09-10",18,7,"RTM","Caiso_Totals","Export","ISO_TOT_EXP_MW",1,21972.26,1
"122","2019-09-11T00:55:00-00:00","2019-09-11T01:00:00-00:00","ALL","2019-09-10",18,12,"RTM","Caiso_Totals","Export","ISO_TOT_EXP_MW",1,21934.21,1
"123","2019-09-11T02:05:00-00:00","2019-09-11T02:10:00-00:00","ALL","2019-09-10",20,2,"RTM","Caiso_Totals","Export","ISO_TOT_EXP_MW",1,21954.35,1
"124","2019-09-11T02:10:00-00:00","2019-09-11T02:15:00-00:00","ALL","2019-09-10",20,3,"RTM","Caiso_Totals","Export","ISO_TOT_EXP_MW",1,22100.09,1
"125","2019-09-11T02:15:00-00:00","2019-09-11T02:20:00-00:00","ALL","2019-09-10",20,4,"RTM","Caiso_Totals","Export","ISO_TOT_EXP_MW",1,22452.78,1
"126","2019-09-11T02:35:00-00:00","2019-09-11T02:40:00-00:00","ALL","2019-09-10",20,8,"RTM","Caiso_Totals","Export","ISO_TOT_EXP_MW",1,23200.75,1
"127","2019-09-11T03:25:00-00:00","2019-09-11T03:30:00-00:00","ALL","2019-09-10",21,6,"RTM","Caiso_Totals","Export","ISO_TOT_EXP_MW",1,22540.38,1
"128","2019-09-11T03:55:00-00:00","2019-09-11T04:00:00-00:00","ALL","2019-09-10",21,12,"RTM","Caiso_Totals","Export","ISO_TOT_EXP_MW",1,22275,1
"129","2019-09-11T04:10:00-00:00","2019-09-11T04:15:00-00:00","ALL","2019-09-10",22,3,"RTM","Caiso_Totals","Export","ISO_TOT_EXP_MW",1,22735.32,1
"130","2019-09-11T04:15:00-00:00","2019-09-11T04:20:00-00:00","ALL","2019-09-10",22,4,"RTM","Caiso_Totals","Export","ISO_TOT_EXP_MW",1,22308.24,1
"131","2019-09-11T06:35:00-00:00","2019-09-11T06:40:00-00:00","ALL","2019-09-10",24,8,"RTM","Caiso_Totals","Export","ISO_TOT_EXP_MW",1,18740.9,1
"132","2019-09-10T08:40:00-00:00","2019-09-10T08:45:00-00:00","ALL","2019-09-10",2,9,"RTM","Caiso_Totals","Export","ISO_TOT_EXP_MW",1,21363.04,1
"133","2019-09-10T10:30:00-00:00","2019-09-10T10:35:00-00:00","ALL","2019-09-10",4,7,"RTM","Caiso_Totals","Export","ISO_TOT_EXP_MW",1,21518.2,1
"134","2019-09-10T10:55:00-00:00","2019-09-10T11:00:00-00:00","ALL","2019-09-10",4,12,"RTM","Caiso_Totals","Export","ISO_TOT_EXP_MW",1,21648.7,1
"135","2019-09-10T11:10:00-00:00","2019-09-10T11:15:00-00:00","ALL","2019-09-10",5,3,"RTM","Caiso_Totals","Export","ISO_TOT_EXP_MW",1,21707.4,1
"136","2019-09-10T11:45:00-00:00","2019-09-10T11:50:00-00:00","ALL","2019-09-10",5,10,"RTM","Caiso_Totals","Export","ISO_TOT_EXP_MW",1,21554.45,1
"137","2019-09-10T12:45:00-00:00","2019-09-10T12:50:00-00:00","ALL","2019-09-10",6,10,"RTM","Caiso_Totals","Export","ISO_TOT_EXP_MW",1,21477.99,1
"138","2019-09-10T13:10:00-00:00","2019-09-10T13:15:00-00:00","ALL","2019-09-10",7,3,"RTM","Caiso_Totals","Export","ISO_TOT_EXP_MW",1,22073.73,1
"139","2019-09-10T13:20:00-00:00","2019-09-10T13:25:00-00:00","ALL","2019-09-10",7,5,"RTM","Caiso_Totals","Export","ISO_TOT_EXP_MW",1,22272.9,1
"140","2019-09-10T13:25:00-00:00","2019-09-10T13:30:00-00:00","ALL","2019-09-10",7,6,"RTM","Caiso_Totals","Export","ISO_TOT_EXP_MW",1,22380.29,1
"141","2019-09-10T13:30:00-00:00","2019-09-10T13:35:00-00:00","ALL","2019-09-10",7,7,"RTM","Caiso_Totals","Export","ISO_TOT_EXP_MW",1,22433.06,1
"142","2019-09-10T13:35:00-00:00","2019-09-10T13:40:00-00:00","ALL","2019-09-10",7,8,"RTM","Caiso_Totals","Export","ISO_TOT_EXP_MW",1,22416.84,1
"143","2019-09-10T14:05:00-00:00","2019-09-10T14:10:00-00:00","ALL","2019-09-10",8,2,"RTM","Caiso_Totals","Export","ISO_TOT_EXP_MW",1,23110.05,1
"144","2019-09-10T14:20:00-00:00","2019-09-10T14:25:00-00:00","ALL","2019-09-10",8,5,"RTM","Caiso_Totals","Export","ISO_TOT_EXP_MW",1,23051.09,1
"145","2019-09-10T14:35:00-00:00","2019-09-10T14:40:00-00:00","ALL","2019-09-10",8,8,"RTM","Caiso_Totals","Export","ISO_TOT_EXP_MW",1,22319.05,1
"146","2019-09-10T15:05:00-00:00","2019-09-10T15:10:00-00:00","ALL","2019-09-10",9,2,"RTM","Caiso_Totals","Export","ISO_TOT_EXP_MW",1,20169,1
"147","2019-09-10T15:15:00-00:00","2019-09-10T15:20:00-00:00","ALL","2019-09-10",9,4,"RTM","Caiso_Totals","Export","ISO_TOT_EXP_MW",1,20560.92,1
"148","2019-09-10T15:25:00-00:00","2019-09-10T15:30:00-00:00","ALL","2019-09-10",9,6,"RTM","Caiso_Totals","Export","ISO_TOT_EXP_MW",1,21018.81,1
"149","2019-09-10T16:00:00-00:00","2019-09-10T16:05:00-00:00","ALL","2019-09-10",10,1,"RTM","Caiso_Totals","Export","ISO_TOT_EXP_MW",1,21073.76,1
"150","2019-09-10T18:25:00-00:00","2019-09-10T18:30:00-00:00","ALL","2019-09-10",12,6,"RTM","Caiso_Totals","Export","ISO_TOT_EXP_MW",1,20815.5,1
"151","2019-09-10T19:05:00-00:00","2019-09-10T19:10:00-00:00","ALL","2019-09-10",13,2,"RTM","Caiso_Totals","Export","ISO_TOT_EXP_MW",1,21212.64,1
"152","2019-09-10T19:25:00-00:00","2019-09-10T19:30:00-00:00","ALL","2019-09-10",13,6,"RTM","Caiso_Totals","Export","ISO_TOT_EXP_MW",1,21225.58,1
"153","2019-09-10T20:00:00-00:00","2019-09-10T20:05:00-00:00","ALL","2019-09-10",14,1,"RTM","Caiso_Totals","Export","ISO_TOT_EXP_MW",1,21023.59,1
"154","2019-09-10T20:10:00-00:00","2019-09-10T20:15:00-00:00","ALL","2019-09-10",14,3,"RTM","Caiso_Totals","Export","ISO_TOT_EXP_MW",1,20362.44,1
"155","2019-09-10T20:40:00-00:00","2019-09-10T20:45:00-00:00","ALL","2019-09-10",14,9,"RTM","Caiso_Totals","Export","ISO_TOT_EXP_MW",1,20752.18,1
"156","2019-09-10T21:35:00-00:00","2019-09-10T21:40:00-00:00","ALL","2019-09-10",15,8,"RTM","Caiso_Totals","Export","ISO_TOT_EXP_MW",1,22961.13,1
"157","2019-09-10T21:45:00-00:00","2019-09-10T21:50:00-00:00","ALL","2019-09-10",15,10,"RTM","Caiso_Totals","Export","ISO_TOT_EXP_MW",1,22083.77,1
"158","2019-09-10T22:25:00-00:00","2019-09-10T22:30:00-00:00","ALL","2019-09-10",16,6,"RTM","Caiso_Totals","Export","ISO_TOT_EXP_MW",1,22055.49,1
"159","2019-09-10T23:15:00-00:00","2019-09-10T23:20:00-00:00","ALL","2019-09-10",17,4,"RTM","Caiso_Totals","Export","ISO_TOT_EXP_MW",1,22358.78,1
"160","2019-09-10T23:25:00-00:00","2019-09-10T23:30:00-00:00","ALL","2019-09-10",17,6,"RTM","Caiso_Totals","Export","ISO_TOT_EXP_MW",1,22432.09,1
"161","2019-09-11T00:40:00-00:00","2019-09-11T00:45:00-00:00","ALL","2019-09-10",18,9,"RTM","Caiso_Totals","Export","ISO_TOT_EXP_MW",1,22152.87,1
"162","2019-09-11T01:45:00-00:00","2019-09-11T01:50:00-00:00","ALL","2019-09-10",19,10,"RTM","Caiso_Totals","Export","ISO_TOT_EXP_MW",1,22014.1,1
"163","2019-09-11T02:40:00-00:00","2019-09-11T02:45:00-00:00","ALL","2019-09-10",20,9,"RTM","Caiso_Totals","Export","ISO_TOT_EXP_MW",1,23243.73,1
"164","2019-09-11T02:50:00-00:00","2019-09-11T02:55:00-00:00","ALL","2019-09-10",20,11,"RTM","Caiso_Totals","Export","ISO_TOT_EXP_MW",1,22379.29,1
"165","2019-09-11T03:00:00-00:00","2019-09-11T03:05:00-00:00","ALL","2019-09-10",21,1,"RTM","Caiso_Totals","Export","ISO_TOT_EXP_MW",1,22867.7,1
"166","2019-09-11T03:45:00-00:00","2019-09-11T03:50:00-00:00","ALL","2019-09-10",21,10,"RTM","Caiso_Totals","Export","ISO_TOT_EXP_MW",1,22606.26,1
"167","2019-09-11T05:00:00-00:00","2019-09-11T05:05:00-00:00","ALL","2019-09-10",23,1,"RTM","Caiso_Totals","Export","ISO_TOT_EXP_MW",1,21037.25,1
"168","2019-09-11T05:40:00-00:00","2019-09-11T05:45:00-00:00","ALL","2019-09-10",23,9,"RTM","Caiso_Totals","Export","ISO_TOT_EXP_MW",1,20192.26,1
"169","2019-09-11T05:50:00-00:00","2019-09-11T05:55:00-00:00","ALL","2019-09-10",23,11,"RTM","Caiso_Totals","Export","ISO_TOT_EXP_MW",1,19823.71,1
"170","2019-09-11T06:05:00-00:00","2019-09-11T06:10:00-00:00","ALL","2019-09-10",24,2,"RTM","Caiso_Totals","Export","ISO_TOT_EXP_MW",1,18751.36,1
"171","2019-09-11T06:45:00-00:00","2019-09-11T06:50:00-00:00","ALL","2019-09-10",24,10,"RTM","Caiso_Totals","Export","ISO_TOT_EXP_MW",1,18787.71,1
"172","2019-09-10T09:20:00-00:00","2019-09-10T09:25:00-00:00","ALL","2019-09-10",3,5,"RTM","Caiso_Totals","Export","ISO_TOT_EXP_MW",1,21755.26,1
"173","2019-09-10T09:25:00-00:00","2019-09-10T09:30:00-00:00","ALL","2019-09-10",3,6,"RTM","Caiso_Totals","Export","ISO_TOT_EXP_MW",1,21645.39,1
"174","2019-09-10T11:00:00-00:00","2019-09-10T11:05:00-00:00","ALL","2019-09-10",5,1,"RTM","Caiso_Totals","Export","ISO_TOT_EXP_MW",1,21715.64,1
"175","2019-09-10T12:40:00-00:00","2019-09-10T12:45:00-00:00","ALL","2019-09-10",6,9,"RTM","Caiso_Totals","Export","ISO_TOT_EXP_MW",1,21500.65,1
"176","2019-09-10T14:30:00-00:00","2019-09-10T14:35:00-00:00","ALL","2019-09-10",8,7,"RTM","Caiso_Totals","Export","ISO_TOT_EXP_MW",1,22368.03,1
"177","2019-09-10T15:35:00-00:00","2019-09-10T15:40:00-00:00","ALL","2019-09-10",9,8,"RTM","Caiso_Totals","Export","ISO_TOT_EXP_MW",1,20568.33,1
"178","2019-09-10T15:55:00-00:00","2019-09-10T16:00:00-00:00","ALL","2019-09-10",9,12,"RTM","Caiso_Totals","Export","ISO_TOT_EXP_MW",1,20912.25,1
"179","2019-09-10T17:15:00-00:00","2019-09-10T17:20:00-00:00","ALL","2019-09-10",11,4,"RTM","Caiso_Totals","Export","ISO_TOT_EXP_MW",1,20395.05,1
"180","2019-09-10T17:55:00-00:00","2019-09-10T18:00:00-00:00","ALL","2019-09-10",11,12,"RTM","Caiso_Totals","Export","ISO_TOT_EXP_MW",1,21121.87,1
"181","2019-09-10T18:40:00-00:00","2019-09-10T18:45:00-00:00","ALL","2019-09-10",12,9,"RTM","Caiso_Totals","Export","ISO_TOT_EXP_MW",1,21020.24,1
"182","2019-09-10T19:00:00-00:00","2019-09-10T19:05:00-00:00","ALL","2019-09-10",13,1,"RTM","Caiso_Totals","Export","ISO_TOT_EXP_MW",1,20981.7,1
"183","2019-09-10T20:35:00-00:00","2019-09-10T20:40:00-00:00","ALL","2019-09-10",14,8,"RTM","Caiso_Totals","Export","ISO_TOT_EXP_MW",1,20851.26,1
"184","2019-09-10T21:20:00-00:00","2019-09-10T21:25:00-00:00","ALL","2019-09-10",15,5,"RTM","Caiso_Totals","Export","ISO_TOT_EXP_MW",1,22543.82,1
"185","2019-09-10T21:25:00-00:00","2019-09-10T21:30:00-00:00","ALL","2019-09-10",15,6,"RTM","Caiso_Totals","Export","ISO_TOT_EXP_MW",1,22695.06,1
"186","2019-09-10T22:55:00-00:00","2019-09-10T23:00:00-00:00","ALL","2019-09-10",16,12,"RTM","Caiso_Totals","Export","ISO_TOT_EXP_MW",1,22571.48,1
"187","2019-09-11T01:00:00-00:00","2019-09-11T01:05:00-00:00","ALL","2019-09-10",19,1,"RTM","Caiso_Totals","Export","ISO_TOT_EXP_MW",1,22505.89,1
"188","2019-09-11T01:40:00-00:00","2019-09-11T01:45:00-00:00","ALL","2019-09-10",19,9,"RTM","Caiso_Totals","Export","ISO_TOT_EXP_MW",1,22089.47,1
"189","2019-09-11T03:20:00-00:00","2019-09-11T03:25:00-00:00","ALL","2019-09-10",21,5,"RTM","Caiso_Totals","Export","ISO_TOT_EXP_MW",1,22366.69,1
"190","2019-09-11T03:30:00-00:00","2019-09-11T03:35:00-00:00","ALL","2019-09-10",21,7,"RTM","Caiso_Totals","Export","ISO_TOT_EXP_MW",1,22263.25,1
"191","2019-09-11T04:40:00-00:00","2019-09-11T04:45:00-00:00","ALL","2019-09-10",22,9,"RTM","Caiso_Totals","Export","ISO_TOT_EXP_MW",1,21216.6,1
"192","2019-09-11T05:15:00-00:00","2019-09-11T05:20:00-00:00","ALL","2019-09-10",23,4,"RTM","Caiso_Totals","Export","ISO_TOT_EXP_MW",1,20555.69,1
"193","2019-09-11T05:30:00-00:00","2019-09-11T05:35:00-00:00","ALL","2019-09-10",23,7,"RTM","Caiso_Totals","Export","ISO_TOT_EXP_MW",1,20378.55,1
"194","2019-09-11T06:15:00-00:00","2019-09-11T06:20:00-00:00","ALL","2019-09-10",24,4,"RTM","Caiso_Totals","Export","ISO_TOT_EXP_MW",1,18584.7,1
"195","2019-09-10T08:10:00-00:00","2019-09-10T08:15:00-00:00","ALL","2019-09-10",2,3,"RTM","Caiso_Totals","Export","ISO_TOT_EXP_MW",1,21516.74,1
"196","2019-09-10T08:50:00-00:00","2019-09-10T08:55:00-00:00","ALL","2019-09-10",2,11,"RTM","Caiso_Totals","Export","ISO_TOT_EXP_MW",1,21487.58,1
"197","2019-09-10T09:40:00-00:00","2019-09-10T09:45:00-00:00","ALL","2019-09-10",3,9,"RTM","Caiso_Totals","Export","ISO_TOT_EXP_MW",1,21425.58,1
"198","2019-09-10T10:00:00-00:00","2019-09-10T10:05:00-00:00","ALL","2019-09-10",4,1,"RTM","Caiso_Totals","Export","ISO_TOT_EXP_MW",1,21598.36,1
"199","2019-09-10T10:40:00-00:00","2019-09-10T10:45:00-00:00","ALL","2019-09-10",4,9,"RTM","Caiso_Totals","Export","ISO_TOT_EXP_MW",1,21545.45,1
"200","2019-09-10T10:45:00-00:00","2019-09-10T10:50:00-00:00","ALL","2019-09-10",4,10,"RTM","Caiso_Totals","Export","ISO_TOT_EXP_MW",1,21533.59,1
"201","2019-09-10T11:05:00-00:00","2019-09-10T11:10:00-00:00","ALL","2019-09-10",5,2,"RTM","Caiso_Totals","Export","ISO_TOT_EXP_MW",1,21728.66,1
"202","2019-09-10T12:15:00-00:00","2019-09-10T12:20:00-00:00","ALL","2019-09-10",6,4,"RTM","Caiso_Totals","Export","ISO_TOT_EXP_MW",1,21200.55,1
"203","2019-09-10T12:25:00-00:00","2019-09-10T12:30:00-00:00","ALL","2019-09-10",6,6,"RTM","Caiso_Totals","Export","ISO_TOT_EXP_MW",1,21291.89,1
"204","2019-09-10T13:05:00-00:00","2019-09-10T13:10:00-00:00","ALL","2019-09-10",7,2,"RTM","Caiso_Totals","Export","ISO_TOT_EXP_MW",1,22014.05,1
"205","2019-09-10T13:55:00-00:00","2019-09-10T14:00:00-00:00","ALL","2019-09-10",7,12,"RTM","Caiso_Totals","Export","ISO_TOT_EXP_MW",1,22663.58,1
"206","2019-09-10T14:45:00-00:00","2019-09-10T14:50:00-00:00","ALL","2019-09-10",8,10,"RTM","Caiso_Totals","Export","ISO_TOT_EXP_MW",1,21823.22,1
"207","2019-09-10T15:00:00-00:00","2019-09-10T15:05:00-00:00","ALL","2019-09-10",9,1,"RTM","Caiso_Totals","Export","ISO_TOT_EXP_MW",1,20256.19,1
"208","2019-09-10T15:10:00-00:00","2019-09-10T15:15:00-00:00","ALL","2019-09-10",9,3,"RTM","Caiso_Totals","Export","ISO_TOT_EXP_MW",1,20406.04,1
"209","2019-09-10T15:45:00-00:00","2019-09-10T15:50:00-00:00","ALL","2019-09-10",9,10,"RTM","Caiso_Totals","Export","ISO_TOT_EXP_MW",1,20760.39,1
"210","2019-09-10T16:15:00-00:00","2019-09-10T16:20:00-00:00","ALL","2019-09-10",10,4,"RTM","Caiso_Totals","Export","ISO_TOT_EXP_MW",1,20265.53,1
"211","2019-09-10T16:35:00-00:00","2019-09-10T16:40:00-00:00","ALL","2019-09-10",10,8,"RTM","Caiso_Totals","Export","ISO_TOT_EXP_MW",1,20855.01,1
"212","2019-09-10T18:35:00-00:00","2019-09-10T18:40:00-00:00","ALL","2019-09-10",12,8,"RTM","Caiso_Totals","Export","ISO_TOT_EXP_MW",1,20674.95,1
"213","2019-09-10T19:55:00-00:00","2019-09-10T20:00:00-00:00","ALL","2019-09-10",13,12,"RTM","Caiso_Totals","Export","ISO_TOT_EXP_MW",1,21047.57,1
"214","2019-09-10T20:25:00-00:00","2019-09-10T20:30:00-00:00","ALL","2019-09-10",14,6,"RTM","Caiso_Totals","Export","ISO_TOT_EXP_MW",1,20789.15,1
"215","2019-09-10T20:45:00-00:00","2019-09-10T20:50:00-00:00","ALL","2019-09-10",14,10,"RTM","Caiso_Totals","Export","ISO_TOT_EXP_MW",1,20683.51,1
"216","2019-09-10T21:30:00-00:00","2019-09-10T21:35:00-00:00","ALL","2019-09-10",15,7,"RTM","Caiso_Totals","Export","ISO_TOT_EXP_MW",1,22764.85,1
"217","2019-09-10T21:55:00-00:00","2019-09-10T22:00:00-00:00","ALL","2019-09-10",15,12,"RTM","Caiso_Totals","Export","ISO_TOT_EXP_MW",1,22205.77,1
"218","2019-09-10T22:10:00-00:00","2019-09-10T22:15:00-00:00","ALL","2019-09-10",16,3,"RTM","Caiso_Totals","Export","ISO_TOT_EXP_MW",1,22808.49,1
"219","2019-09-10T23:40:00-00:00","2019-09-10T23:45:00-00:00","ALL","2019-09-10",17,9,"RTM","Caiso_Totals","Export","ISO_TOT_EXP_MW",1,22693.9,1
"220","2019-09-11T00:05:00-00:00","2019-09-11T00:10:00-00:00","ALL","2019-09-10",18,2,"RTM","Caiso_Totals","Export","ISO_TOT_EXP_MW",1,22644.43,1
"221","2019-09-11T00:50:00-00:00","2019-09-11T00:55:00-00:00","ALL","2019-09-10",18,11,"RTM","Caiso_Totals","Export","ISO_TOT_EXP_MW",1,21832.16,1
"222","2019-09-11T01:25:00-00:00","2019-09-11T01:30:00-00:00","ALL","2019-09-10",19,6,"RTM","Caiso_Totals","Export","ISO_TOT_EXP_MW",1,21781.41,1
"223","2019-09-11T02:20:00-00:00","2019-09-11T02:25:00-00:00","ALL","2019-09-10",20,5,"RTM","Caiso_Totals","Export","ISO_TOT_EXP_MW",1,22760.77,1
"224","2019-09-11T03:05:00-00:00","2019-09-11T03:10:00-00:00","ALL","2019-09-10",21,2,"RTM","Caiso_Totals","Export","ISO_TOT_EXP_MW",1,22629.39,1
"225","2019-09-11T03:15:00-00:00","2019-09-11T03:20:00-00:00","ALL","2019-09-10",21,4,"RTM","Caiso_Totals","Export","ISO_TOT_EXP_MW",1,22291.64,1
"226","2019-09-11T03:35:00-00:00","2019-09-11T03:40:00-00:00","ALL","2019-09-10",21,8,"RTM","Caiso_Totals","Export","ISO_TOT_EXP_MW",1,22396.34,1
"227","2019-09-11T04:00:00-00:00","2019-09-11T04:05:00-00:00","ALL","2019-09-10",22,1,"RTM","Caiso_Totals","Export","ISO_TOT_EXP_MW",1,22966.09,1
"228","2019-09-11T04:05:00-00:00","2019-09-11T04:10:00-00:00","ALL","2019-09-10",22,2,"RTM","Caiso_Totals","Export","ISO_TOT_EXP_MW",1,22843.95,1
"229","2019-09-11T04:25:00-00:00","2019-09-11T04:30:00-00:00","ALL","2019-09-10",22,6,"RTM","Caiso_Totals","Export","ISO_TOT_EXP_MW",1,21578.47,1
"230","2019-09-11T06:50:00-00:00","2019-09-11T06:55:00-00:00","ALL","2019-09-10",24,11,"RTM","Caiso_Totals","Export","ISO_TOT_EXP_MW",1,18684.55,1
"231","2019-09-10T08:35:00-00:00","2019-09-10T08:40:00-00:00","ALL","2019-09-10",2,8,"RTM","Caiso_Totals","Export","ISO_TOT_EXP_MW",1,21535.98,1
"232","2019-09-10T09:00:00-00:00","2019-09-10T09:05:00-00:00","ALL","2019-09-10",3,1,"RTM","Caiso_Totals","Export","ISO_TOT_EXP_MW",1,21580.92,1
"233","2019-09-10T09:45:00-00:00","2019-09-10T09:50:00-00:00","ALL","2019-09-10",3,10,"RTM","Caiso_Totals","Export","ISO_TOT_EXP_MW",1,21446.96,1
"234","2019-09-10T10:15:00-00:00","2019-09-10T10:20:00-00:00","ALL","2019-09-10",4,4,"RTM","Caiso_Totals","Export","ISO_TOT_EXP_MW",1,21582.74,1
"235","2019-09-10T10:25:00-00:00","2019-09-10T10:30:00-00:00","ALL","2019-09-10",4,6,"RTM","Caiso_Totals","Export","ISO_TOT_EXP_MW",1,21486.27,1
"236","2019-09-10T10:50:00-00:00","2019-09-10T10:55:00-00:00","ALL","2019-09-10",4,11,"RTM","Caiso_Totals","Export","ISO_TOT_EXP_MW",1,21506.92,1
"237","2019-09-10T11:15:00-00:00","2019-09-10T11:20:00-00:00","ALL","2019-09-10",5,4,"RTM","Caiso_Totals","Export","ISO_TOT_EXP_MW",1,21668.8,1
"238","2019-09-10T12:30:00-00:00","2019-09-10T12:35:00-00:00","ALL","2019-09-10",6,7,"RTM","Caiso_Totals","Export","ISO_TOT_EXP_MW",1,21331.5,1
"239","2019-09-10T12:50:00-00:00","2019-09-10T12:55:00-00:00","ALL","2019-09-10",6,11,"RTM","Caiso_Totals","Export","ISO_TOT_EXP_MW",1,21534.01,1
"240","2019-09-10T12:55:00-00:00","2019-09-10T13:00:00-00:00","ALL","2019-09-10",6,12,"RTM","Caiso_Totals","Export","ISO_TOT_EXP_MW",1,21772.41,1
"241","2019-09-10T13:15:00-00:00","2019-09-10T13:20:00-00:00","ALL","2019-09-10",7,4,"RTM","Caiso_Totals","Export","ISO_TOT_EXP_MW",1,22253.95,1
"242","2019-09-10T13:45:00-00:00","2019-09-10T13:50:00-00:00","ALL","2019-09-10",7,10,"RTM","Caiso_Totals","Export","ISO_TOT_EXP_MW",1,22680.45,1
"243","2019-09-10T14:50:00-00:00","2019-09-10T14:55:00-00:00","ALL","2019-09-10",8,11,"RTM","Caiso_Totals","Export","ISO_TOT_EXP_MW",1,21650.8,1
"244","2019-09-10T15:30:00-00:00","2019-09-10T15:35:00-00:00","ALL","2019-09-10",9,7,"RTM","Caiso_Totals","Export","ISO_TOT_EXP_MW",1,20557.3,1
"245","2019-09-10T16:10:00-00:00","2019-09-10T16:15:00-00:00","ALL","2019-09-10",10,3,"RTM","Caiso_Totals","Export","ISO_TOT_EXP_MW",1,20488.08,1
"246","2019-09-10T16:45:00-00:00","2019-09-10T16:50:00-00:00","ALL","2019-09-10",10,10,"RTM","Caiso_Totals","Export","ISO_TOT_EXP_MW",1,20851.15,1
"247","2019-09-10T16:55:00-00:00","2019-09-10T17:00:00-00:00","ALL","2019-09-10",10,12,"RTM","Caiso_Totals","Export","ISO_TOT_EXP_MW",1,20599.06,1
"248","2019-09-10T17:10:00-00:00","2019-09-10T17:15:00-00:00","ALL","2019-09-10",11,3,"RTM","Caiso_Totals","Export","ISO_TOT_EXP_MW",1,20087.71,1
"249","2019-09-10T17:35:00-00:00","2019-09-10T17:40:00-00:00","ALL","2019-09-10",11,8,"RTM","Caiso_Totals","Export","ISO_TOT_EXP_MW",1,20419.26,1
"250","2019-09-10T17:45:00-00:00","2019-09-10T17:50:00-00:00","ALL","2019-09-10",11,10,"RTM","Caiso_Totals","Export","ISO_TOT_EXP_MW",1,20715.74,1
"251","2019-09-10T17:50:00-00:00","2019-09-10T17:55:00-00:00","ALL","2019-09-10",11,11,"RTM","Caiso_Totals","Export","ISO_TOT_EXP_MW",1,21043.97,1
"252","2019-09-10T18:15:00-00:00","2019-09-10T18:20:00-00:00","ALL","2019-09-10",12,4,"RTM","Caiso_Totals","Export","ISO_TOT_EXP_MW",1,20583.87,1
"253","2019-09-10T18:45:00-00:00","2019-09-10T18:50:00-00:00","ALL","2019-09-10",12,10,"RTM","Caiso_Totals","Export","ISO_TOT_EXP_MW",1,21047.54,1
"254","2019-09-10T18:55:00-00:00","2019-09-10T19:00:00-00:00","ALL","2019-09-10",12,12,"RTM","Caiso_Totals","Export","ISO_TOT_EXP_MW",1,20962.84,1
"255","2019-09-10T19:30:00-00:00","2019-09-10T19:35:00-00:00","ALL","2019-09-10",13,7,"RTM","Caiso_Totals","Export","ISO_TOT_EXP_MW",1,21318.31,1
"256","2019-09-10T19:40:00-00:00","2019-09-10T19:45:00-00:00","ALL","2019-09-10",13,9,"RTM","Caiso_Totals","Export","ISO_TOT_EXP_MW",1,21396.95,1
"257","2019-09-10T19:45:00-00:00","2019-09-10T19:50:00-00:00","ALL","2019-09-10",13,10,"RTM","Caiso_Totals","Export","ISO_TOT_EXP_MW",1,21388.86,1
"258","2019-09-10T20:20:00-00:00","2019-09-10T20:25:00-00:00","ALL","2019-09-10",14,5,"RTM","Caiso_Totals","Export","ISO_TOT_EXP_MW",1,20867.95,1
"259","2019-09-10T20:55:00-00:00","2019-09-10T21:00:00-00:00","ALL","2019-09-10",14,12,"RTM","Caiso_Totals","Export","ISO_TOT_EXP_MW",1,21416.56,1
"260","2019-09-10T22:05:00-00:00","2019-09-10T22:10:00-00:00","ALL","2019-09-10",16,2,"RTM","Caiso_Totals","Export","ISO_TOT_EXP_MW",1,22530.64,1
"261","2019-09-10T22:35:00-00:00","2019-09-10T22:40:00-00:00","ALL","2019-09-10",16,8,"RTM","Caiso_Totals","Export","ISO_TOT_EXP_MW",1,22062.81,1
"262","2019-09-10T23:20:00-00:00","2019-09-10T23:25:00-00:00","ALL","2019-09-10",17,5,"RTM","Caiso_Totals","Export","ISO_TOT_EXP_MW",1,22454.44,1
"263","2019-09-10T23:30:00-00:00","2019-09-10T23:35:00-00:00","ALL","2019-09-10",17,7,"RTM","Caiso_Totals","Export","ISO_TOT_EXP_MW",1,22542.22,1
"264","2019-09-10T23:55:00-00:00","2019-09-11T00:00:00-00:00","ALL","2019-09-10",17,12,"RTM","Caiso_Totals","Export","ISO_TOT_EXP_MW",1,22429.66,1
"265","2019-09-11T00:15:00-00:00","2019-09-11T00:20:00-00:00","ALL","2019-09-10",18,4,"RTM","Caiso_Totals","Export","ISO_TOT_EXP_MW",1,22433.53,1
"266","2019-09-11T00:35:00-00:00","2019-09-11T00:40:00-00:00","ALL","2019-09-10",18,8,"RTM","Caiso_Totals","Export","ISO_TOT_EXP_MW",1,22043.74,1
"267","2019-09-11T02:45:00-00:00","2019-09-11T02:50:00-00:00","ALL","2019-09-10",20,10,"RTM","Caiso_Totals","Export","ISO_TOT_EXP_MW",1,22934.96,1
"268","2019-09-11T02:55:00-00:00","2019-09-11T03:00:00-00:00","ALL","2019-09-10",20,12,"RTM","Caiso_Totals","Export","ISO_TOT_EXP_MW",1,22392.49,1
"269","2019-09-11T04:20:00-00:00","2019-09-11T04:25:00-00:00","ALL","2019-09-10",22,5,"RTM","Caiso_Totals","Export","ISO_TOT_EXP_MW",1,21719.01,1
"270","2019-09-11T04:30:00-00:00","2019-09-11T04:35:00-00:00","ALL","2019-09-10",22,7,"RTM","Caiso_Totals","Export","ISO_TOT_EXP_MW",1,21503.02,1
"271","2019-09-11T04:55:00-00:00","2019-09-11T05:00:00-00:00","ALL","2019-09-10",22,12,"RTM","Caiso_Totals","Export","ISO_TOT_EXP_MW",1,20949.44,1
"272","2019-09-11T05:05:00-00:00","2019-09-11T05:10:00-00:00","ALL","2019-09-10",23,2,"RTM","Caiso_Totals","Export","ISO_TOT_EXP_MW",1,20932.74,1
"273","2019-09-11T05:45:00-00:00","2019-09-11T05:50:00-00:00","ALL","2019-09-10",23,10,"RTM","Caiso_Totals","Export","ISO_TOT_EXP_MW",1,20031.44,1
"274","2019-09-11T06:00:00-00:00","2019-09-11T06:05:00-00:00","ALL","2019-09-10",24,1,"RTM","Caiso_Totals","Export","ISO_TOT_EXP_MW",1,18903.33,1
"275","2019-09-11T06:25:00-00:00","2019-09-11T06:30:00-00:00","ALL","2019-09-10",24,6,"RTM","Caiso_Totals","Export","ISO_TOT_EXP_MW",1,18495.01,1
"276","2019-09-11T07:15:00-00:00","2019-09-11T07:20:00-00:00","ALL","2019-09-11",1,4,"RTM","Caiso_Totals","Export","ISO_TOT_EXP_MW",1,18406.11,2
"277","2019-09-11T07:00:00-00:00","2019-09-11T07:05:00-00:00","ALL","2019-09-11",1,1,"RTM","Caiso_Totals","Export","ISO_TOT_EXP_MW",1,18463.06,2
"278","2019-09-11T07:30:00-00:00","2019-09-11T07:35:00-00:00","ALL","2019-09-11",1,7,"RTM","Caiso_Totals","Export","ISO_TOT_EXP_MW",1,18344.25,2
"279","2019-09-11T07:05:00-00:00","2019-09-11T07:10:00-00:00","ALL","2019-09-11",1,2,"RTM","Caiso_Totals","Export","ISO_TOT_EXP_MW",1,18387.46,2
"280","2019-09-11T07:40:00-00:00","2019-09-11T07:45:00-00:00","ALL","2019-09-11",1,9,"RTM","Caiso_Totals","Export","ISO_TOT_EXP_MW",1,18335.14,2
"281","2019-09-11T07:10:00-00:00","2019-09-11T07:15:00-00:00","ALL","2019-09-11",1,3,"RTM","Caiso_Totals","Export","ISO_TOT_EXP_MW",1,18384.62,2
"282","2019-09-11T07:45:00-00:00","2019-09-11T07:50:00-00:00","ALL","2019-09-11",1,10,"RTM","Caiso_Totals","Export","ISO_TOT_EXP_MW",1,18398.83,2
"283","2019-09-11T07:55:00-00:00","2019-09-11T08:00:00-00:00","ALL","2019-09-11",1,12,"RTM","Caiso_Totals","Export","ISO_TOT_EXP_MW",1,17396.89,2
"284","2019-09-11T07:25:00-00:00","2019-09-11T07:30:00-00:00","ALL","2019-09-11",1,6,"RTM","Caiso_Totals","Export","ISO_TOT_EXP_MW",1,18442.62,2
"285","2019-09-11T07:35:00-00:00","2019-09-11T07:40:00-00:00","ALL","2019-09-11",1,8,"RTM","Caiso_Totals","Export","ISO_TOT_EXP_MW",1,18380.24,2
"286","2019-09-11T07:50:00-00:00","2019-09-11T07:55:00-00:00","ALL","2019-09-11",1,11,"RTM","Caiso_Totals","Export","ISO_TOT_EXP_MW",1,18051.02,2
"287","2019-09-11T07:20:00-00:00","2019-09-11T07:25:00-00:00","ALL","2019-09-11",1,5,"RTM","Caiso_Totals","Export","ISO_TOT_EXP_MW",1,18450.93,2
