"","INTERVALSTARTTIME_GMT","INTERVALENDTIME_GMT","LOAD_TYPE","OPR_DT","OPR_HR","OPR_INTERVAL","MARKET_RUN_ID","TAC_AREA_NAME","LABEL","XML_DATA_ITEM","POS","MW","EXECUTION_TYPE","GROUP"
"1","2019-11-04T00:00:00-00:00","2019-11-04T01:00:00-00:00",0,"2019-11-03",17,0,"ACTUAL","AZPS","Total Actual Hourly Integrated Load","SYS_FCST_ACT_MW",3.8,3198,"ACTUAL",1
"2","2019-11-03T14:00:00-00:00","2019-11-03T15:00:00-00:00",0,"2019-11-03",7,0,"ACTUAL","AZPS","Total Actual Hourly Integrated Load","SYS_FCST_ACT_MW",3.8,2469,"ACTUAL",1
"3","2019-11-03T16:00:00-00:00","2019-11-03T17:00:00-00:00",0,"2019-11-03",9,0,"ACTUAL","AZPS","Total Actual Hourly Integrated Load","SYS_FCST_ACT_MW",3.8,2349,"ACTUAL",1
"4","2019-11-03T10:00:00-00:00","2019-11-03T11:00:00-00:00",0,"2019-11-03",3,0,"ACTUAL","AZPS","Total Actual Hourly Integrated Load","SYS_FCST_ACT_MW",3.8,2307,"ACTUAL",1
"5","2019-11-04T07:00:00-00:00","2019-11-04T08:00:00-00:00",0,"2019-11-03",24,0,"ACTUAL","AZPS","Total Actual Hourly Integrated Load","SYS_FCST_ACT_MW",3.8,2386,"ACTUAL",1
"6","2019-11-04T05:00:00-00:00","2019-11-04T06:00:00-00:00",0,"2019-11-03",22,0,"ACTUAL","AZPS","Total Actual Hourly Integrated Load","SYS_FCST_ACT_MW",3.8,2656,"ACTUAL",1
"7","2019-11-04T02:00:00-00:00","2019-11-04T03:00:00-00:00",0,"2019-11-03",19,0,"ACTUAL","AZPS","Total Actual Hourly Integrated Load","SYS_FCST_ACT_MW",3.8,3140,"ACTUAL",1
"8","2019-11-03T19:00:00-00:00","2019-11-03T20:00:00-00:00",0,"2019-11-03",12,0,"ACTUAL","AZPS","Total Actual Hourly Integrated Load","SYS_FCST_ACT_MW",3.8,2335,"ACTUAL",1
"9","2019-11-03T13:00:00-00:00","2019-11-03T14:00:00-00:00",0,"2019-11-03",6,0,"ACTUAL","AZPS","Total Actual Hourly Integrated Load","SYS_FCST_ACT_MW",3.8,2471,"ACTUAL",1
"10","2019-11-03T11:00:00-00:00","2019-11-03T12:00:00-00:00",0,"2019-11-03",4,0,"ACTUAL","AZPS","Total Actual Hourly Integrated Load","SYS_FCST_ACT_MW",3.8,2333,"ACTUAL",1
"11","2019-11-03T08:00:00-00:00","2019-11-03T09:00:00-00:00",0,"2019-11-03",2,0,"ACTUAL","AZPS","Total Actual Hourly Integrated Load","SYS_FCST_ACT_MW",3.8,2361,"ACTUAL",1
"12","2019-11-03T12:00:00-00:00","2019-11-03T13:00:00-00:00",0,"2019-11-03",5,0,"ACTUAL","AZPS","Total Actual Hourly Integrated Load","SYS_FCST_ACT_MW",3.8,2398,"ACTUAL",1
"13","2019-11-03T09:00:00-00:00","2019-11-03T10:00:00-00:00",0,"2019-11-03",25,0,"ACTUAL","AZPS","Total Actual Hourly Integrated Load","SYS_FCST_ACT_MW",3.8,2320,"ACTUAL",1
"14","2019-11-04T06:00:00-00:00","2019-11-04T07:00:00-00:00",0,"2019-11-03",23,0,"ACTUAL","AZPS","Total Actual Hourly Integrated Load","SYS_FCST_ACT_MW",3.8,2484,"ACTUAL",1
"15","2019-11-03T22:00:00-00:00","2019-11-03T23:00:00-00:00",0,"2019-11-03",15,0,"ACTUAL","AZPS","Total Actual Hourly Integrated Load","SYS_FCST_ACT_MW",3.8,2806,"ACTUAL",1
"16","2019-11-03T21:00:00-00:00","2019-11-03T22:00:00-00:00",0,"2019-11-03",14,0,"ACTUAL","AZPS","Total Actual Hourly Integrated Load","SYS_FCST_ACT_MW",3.8,2595,"ACTUAL",1
"17","2019-11-03T18:00:00-00:00","2019-11-03T19:00:00-00:00",0,"2019-11-03",11,0,"ACTUAL","AZPS","Total Actual Hourly Integrated Load","SYS_FCST_ACT_MW",3.8,2296,"ACTUAL",1
"18","2019-11-04T04:00:00-00:00","2019-11-04T05:00:00-00:00",0,"2019-11-03",21,0,"ACTUAL","AZPS","Total Actual Hourly Integrated Load","SYS_FCST_ACT_MW",3.8,2857,"ACTUAL",1
"19","2019-11-04T03:00:00-00:00","2019-11-04T04:00:00-00:00",0,"2019-11-03",20,0,"ACTUAL","AZPS","Total Actual Hourly Integrated Load","SYS_FCST_ACT_MW",3.8,3014,"ACTUAL",1
"20","2019-11-04T01:00:00-00:00","2019-11-04T02:00:00-00:00",0,"2019-11-03",18,0,"ACTUAL","AZPS","Total Actual Hourly Integrated Load","SYS_FCST_ACT_MW",3.8,3242,"ACTUAL",1
"21","2019-11-03T23:00:00-00:00","2019-11-04T00:00:00-00:00",0,"2019-11-03",16,0,"ACTUAL","AZPS","Total Actual Hourly Integrated Load","SYS_FCST_ACT_MW",3.8,3027,"ACTUAL",1
"22","2019-11-03T17:00:00-00:00","2019-11-03T18:00:00-00:00",0,"2019-11-03",10,0,"ACTUAL","AZPS","Total Actual Hourly Integrated Load","SYS_FCST_ACT_MW",3.8,2292,"ACTUAL",1
"23","2019-11-03T15:00:00-00:00","2019-11-03T16:00:00-00:00",0,"2019-11-03",8,0,"ACTUAL","AZPS","Total Actual Hourly Integrated Load","SYS_FCST_ACT_MW",3.8,2414,"ACTUAL",1
"24","2019-11-03T20:00:00-00:00","2019-11-03T21:00:00-00:00",0,"2019-11-03",13,0,"ACTUAL","AZPS","Total Actual Hourly Integrated Load","SYS_FCST_ACT_MW",3.8,2444,"ACTUAL",1
"25","2019-11-03T20:00:00-00:00","2019-11-03T21:00:00-00:00",0,"2019-11-03",13,0,"ACTUAL","BANCSMUD","Total Actual Hourly Integrated Load","SYS_FCST_ACT_MW",3.8,1028,"ACTUAL",2
"26","2019-11-03T16:00:00-00:00","2019-11-03T17:00:00-00:00",0,"2019-11-03",9,0,"ACTUAL","BANCSMUD","Total Actual Hourly Integrated Load","SYS_FCST_ACT_MW",3.8,1050,"ACTUAL",2
"27","2019-11-03T21:00:00-00:00","2019-11-03T22:00:00-00:00",0,"2019-11-03",14,0,"ACTUAL","BANCSMUD","Total Actual Hourly Integrated Load","SYS_FCST_ACT_MW",3.8,1019,"ACTUAL",2
"28","2019-11-03T18:00:00-00:00","2019-11-03T19:00:00-00:00",0,"2019-11-03",11,0,"ACTUAL","BANCSMUD","Total Actual Hourly Integrated Load","SYS_FCST_ACT_MW",3.8,1043,"ACTUAL",2
"29","2019-11-03T10:00:00-00:00","2019-11-03T11:00:00-00:00",0,"2019-11-03",3,0,"ACTUAL","BANCSMUD","Total Actual Hourly Integrated Load","SYS_FCST_ACT_MW",3.8,843,"ACTUAL",2
"30","2019-11-03T17:00:00-00:00","2019-11-03T18:00:00-00:00",0,"2019-11-03",10,0,"ACTUAL","BANCSMUD","Total Actual Hourly Integrated Load","SYS_FCST_ACT_MW",3.8,1051,"ACTUAL",2
"31","2019-11-03T22:00:00-00:00","2019-11-03T23:00:00-00:00",0,"2019-11-03",15,0,"ACTUAL","BANCSMUD","Total Actual Hourly Integrated Load","SYS_FCST_ACT_MW",3.8,1042,"ACTUAL",2
"32","2019-11-04T01:00:00-00:00","2019-11-04T02:00:00-00:00",0,"2019-11-03",18,0,"ACTUAL","BANCSMUD","Total Actual Hourly Integrated Load","SYS_FCST_ACT_MW",3.8,1210,"ACTUAL",2
"33","2019-11-04T02:00:00-00:00","2019-11-04T03:00:00-00:00",0,"2019-11-03",19,0,"ACTUAL","BANCSMUD","Total Actual Hourly Integrated Load","SYS_FCST_ACT_MW",3.8,1207,"ACTUAL",2
"34","2019-11-04T04:00:00-00:00","2019-11-04T05:00:00-00:00",0,"2019-11-03",21,0,"ACTUAL","BANCSMUD","Total Actual Hourly Integrated Load","SYS_FCST_ACT_MW",3.8,1128,"ACTUAL",2
"35","2019-11-04T03:00:00-00:00","2019-11-04T04:00:00-00:00",0,"2019-11-03",20,0,"ACTUAL","BANCSMUD","Total Actual Hourly Integrated Load","SYS_FCST_ACT_MW",3.8,1176,"ACTUAL",2
"36","2019-11-03T11:00:00-00:00","2019-11-03T12:00:00-00:00",0,"2019-11-03",4,0,"ACTUAL","BANCSMUD","Total Actual Hourly Integrated Load","SYS_FCST_ACT_MW",3.8,847,"ACTUAL",2
"37","2019-11-03T12:00:00-00:00","2019-11-03T13:00:00-00:00",0,"2019-11-03",5,0,"ACTUAL","BANCSMUD","Total Actual Hourly Integrated Load","SYS_FCST_ACT_MW",3.8,870,"ACTUAL",2
"38","2019-11-03T15:00:00-00:00","2019-11-03T16:00:00-00:00",0,"2019-11-03",8,0,"ACTUAL","BANCSMUD","Total Actual Hourly Integrated Load","SYS_FCST_ACT_MW",3.8,1022,"ACTUAL",2
"39","2019-11-03T19:00:00-00:00","2019-11-03T20:00:00-00:00",0,"2019-11-03",12,0,"ACTUAL","BANCSMUD","Total Actual Hourly Integrated Load","SYS_FCST_ACT_MW",3.8,1033,"ACTUAL",2
"40","2019-11-04T06:00:00-00:00","2019-11-04T07:00:00-00:00",0,"2019-11-03",23,0,"ACTUAL","BANCSMUD","Total Actual Hourly Integrated Load","SYS_FCST_ACT_MW",3.8,972,"ACTUAL",2
"41","2019-11-04T05:00:00-00:00","2019-11-04T06:00:00-00:00",0,"2019-11-03",22,0,"ACTUAL","BANCSMUD","Total Actual Hourly Integrated Load","SYS_FCST_ACT_MW",3.8,1057,"ACTUAL",2
"42","2019-11-03T09:00:00-00:00","2019-11-03T10:00:00-00:00",0,"2019-11-03",25,0,"ACTUAL","BANCSMUD","Total Actual Hourly Integrated Load","SYS_FCST_ACT_MW",3.8,851,"ACTUAL",2
"43","2019-11-04T00:00:00-00:00","2019-11-04T01:00:00-00:00",0,"2019-11-03",17,0,"ACTUAL","BANCSMUD","Total Actual Hourly Integrated Load","SYS_FCST_ACT_MW",3.8,1132,"ACTUAL",2
"44","2019-11-03T08:00:00-00:00","2019-11-03T09:00:00-00:00",0,"2019-11-03",2,0,"ACTUAL","BANCSMUD","Total Actual Hourly Integrated Load","SYS_FCST_ACT_MW",3.8,870,"ACTUAL",2
"45","2019-11-03T23:00:00-00:00","2019-11-04T00:00:00-00:00",0,"2019-11-03",16,0,"ACTUAL","BANCSMUD","Total Actual Hourly Integrated Load","SYS_FCST_ACT_MW",3.8,1074,"ACTUAL",2
"46","2019-11-03T14:00:00-00:00","2019-11-03T15:00:00-00:00",0,"2019-11-03",7,0,"ACTUAL","BANCSMUD","Total Actual Hourly Integrated Load","SYS_FCST_ACT_MW",3.8,971,"ACTUAL",2
"47","2019-11-03T13:00:00-00:00","2019-11-03T14:00:00-00:00",0,"2019-11-03",6,0,"ACTUAL","BANCSMUD","Total Actual Hourly Integrated Load","SYS_FCST_ACT_MW",3.8,915,"ACTUAL",2
"48","2019-11-04T07:00:00-00:00","2019-11-04T08:00:00-00:00",0,"2019-11-03",24,0,"ACTUAL","BANCSMUD","Total Actual Hourly Integrated Load","SYS_FCST_ACT_MW",3.8,905,"ACTUAL",2
"49","2019-11-03T21:00:00-00:00","2019-11-03T22:00:00-00:00",0,"2019-11-03",14,0,"ACTUAL","BCHA","Total Actual Hourly Integrated Load","SYS_FCST_ACT_MW",3.8,7382,"ACTUAL",3
"50","2019-11-03T22:00:00-00:00","2019-11-03T23:00:00-00:00",0,"2019-11-03",15,0,"ACTUAL","BCHA","Total Actual Hourly Integrated Load","SYS_FCST_ACT_MW",3.8,7357,"ACTUAL",3
"51","2019-11-03T15:00:00-00:00","2019-11-03T16:00:00-00:00",0,"2019-11-03",8,0,"ACTUAL","BCHA","Total Actual Hourly Integrated Load","SYS_FCST_ACT_MW",3.8,7311,"ACTUAL",3
"52","2019-11-03T23:00:00-00:00","2019-11-04T00:00:00-00:00",0,"2019-11-03",16,0,"ACTUAL","BCHA","Total Actual Hourly Integrated Load","SYS_FCST_ACT_MW",3.8,7519,"ACTUAL",3
"53","2019-11-03T10:00:00-00:00","2019-11-03T11:00:00-00:00",0,"2019-11-03",3,0,"ACTUAL","BCHA","Total Actual Hourly Integrated Load","SYS_FCST_ACT_MW",3.8,6245,"ACTUAL",3
"54","2019-11-03T12:00:00-00:00","2019-11-03T13:00:00-00:00",0,"2019-11-03",5,0,"ACTUAL","BCHA","Total Actual Hourly Integrated Load","SYS_FCST_ACT_MW",3.8,6398,"ACTUAL",3
"55","2019-11-03T14:00:00-00:00","2019-11-03T15:00:00-00:00",0,"2019-11-03",7,0,"ACTUAL","BCHA","Total Actual Hourly Integrated Load","SYS_FCST_ACT_MW",3.8,6960,"ACTUAL",3
"56","2019-11-03T17:00:00-00:00","2019-11-03T18:00:00-00:00",0,"2019-11-03",10,0,"ACTUAL","BCHA","Total Actual Hourly Integrated Load","SYS_FCST_ACT_MW",3.8,7704,"ACTUAL",3
"57","2019-11-04T04:00:00-00:00","2019-11-04T05:00:00-00:00",0,"2019-11-03",21,0,"ACTUAL","BCHA","Total Actual Hourly Integrated Load","SYS_FCST_ACT_MW",3.8,7704,"ACTUAL",3
"58","2019-11-03T16:00:00-00:00","2019-11-03T17:00:00-00:00",0,"2019-11-03",9,0,"ACTUAL","BCHA","Total Actual Hourly Integrated Load","SYS_FCST_ACT_MW",3.8,7592,"ACTUAL",3
"59","2019-11-03T18:00:00-00:00","2019-11-03T19:00:00-00:00",0,"2019-11-03",11,0,"ACTUAL","BCHA","Total Actual Hourly Integrated Load","SYS_FCST_ACT_MW",3.8,7689,"ACTUAL",3
"60","2019-11-03T20:00:00-00:00","2019-11-03T21:00:00-00:00",0,"2019-11-03",13,0,"ACTUAL","BCHA","Total Actual Hourly Integrated Load","SYS_FCST_ACT_MW",3.8,7470,"ACTUAL",3
"61","2019-11-04T03:00:00-00:00","2019-11-04T04:00:00-00:00",0,"2019-11-03",20,0,"ACTUAL","BCHA","Total Actual Hourly Integrated Load","SYS_FCST_ACT_MW",3.8,7968,"ACTUAL",3
"62","2019-11-04T00:00:00-00:00","2019-11-04T01:00:00-00:00",0,"2019-11-03",17,0,"ACTUAL","BCHA","Total Actual Hourly Integrated Load","SYS_FCST_ACT_MW",3.8,7945,"ACTUAL",3
"63","2019-11-04T01:00:00-00:00","2019-11-04T02:00:00-00:00",0,"2019-11-03",18,0,"ACTUAL","BCHA","Total Actual Hourly Integrated Load","SYS_FCST_ACT_MW",3.8,8310,"ACTUAL",3
"64","2019-11-04T05:00:00-00:00","2019-11-04T06:00:00-00:00",0,"2019-11-03",22,0,"ACTUAL","BCHA","Total Actual Hourly Integrated Load","SYS_FCST_ACT_MW",3.8,7317,"ACTUAL",3
"65","2019-11-04T07:00:00-00:00","2019-11-04T08:00:00-00:00",0,"2019-11-03",24,0,"ACTUAL","BCHA","Total Actual Hourly Integrated Load","SYS_FCST_ACT_MW",3.8,6501,"ACTUAL",3
"66","2019-11-03T08:00:00-00:00","2019-11-03T09:00:00-00:00",0,"2019-11-03",2,0,"ACTUAL","BCHA","Total Actual Hourly Integrated Load","SYS_FCST_ACT_MW",3.8,6335,"ACTUAL",3
"67","2019-11-03T13:00:00-00:00","2019-11-03T14:00:00-00:00",0,"2019-11-03",6,0,"ACTUAL","BCHA","Total Actual Hourly Integrated Load","SYS_FCST_ACT_MW",3.8,6632,"ACTUAL",3
"68","2019-11-04T06:00:00-00:00","2019-11-04T07:00:00-00:00",0,"2019-11-03",23,0,"ACTUAL","BCHA","Total Actual Hourly Integrated Load","SYS_FCST_ACT_MW",3.8,6860,"ACTUAL",3
"69","2019-11-03T09:00:00-00:00","2019-11-03T10:00:00-00:00",0,"2019-11-03",25,0,"ACTUAL","BCHA","Total Actual Hourly Integrated Load","SYS_FCST_ACT_MW",3.8,6259,"ACTUAL",3
"70","2019-11-03T19:00:00-00:00","2019-11-03T20:00:00-00:00",0,"2019-11-03",12,0,"ACTUAL","BCHA","Total Actual Hourly Integrated Load","SYS_FCST_ACT_MW",3.8,7593,"ACTUAL",3
"71","2019-11-04T02:00:00-00:00","2019-11-04T03:00:00-00:00",0,"2019-11-03",19,0,"ACTUAL","BCHA","Total Actual Hourly Integrated Load","SYS_FCST_ACT_MW",3.8,8184,"ACTUAL",3
"72","2019-11-03T11:00:00-00:00","2019-11-03T12:00:00-00:00",0,"2019-11-03",4,0,"ACTUAL","BCHA","Total Actual Hourly Integrated Load","SYS_FCST_ACT_MW",3.8,6287,"ACTUAL",3
"73","2019-11-04T03:00:00-00:00","2019-11-04T04:00:00-00:00",0,"2019-11-03",20,0,"ACTUAL","CA ISO-TAC","Total Actual Hourly Integrated Load","SYS_FCST_ACT_MW",3,24932,"ACTUAL",4
"74","2019-11-03T12:00:00-00:00","2019-11-03T13:00:00-00:00",0,"2019-11-03",5,0,"ACTUAL","CA ISO-TAC","Total Actual Hourly Integrated Load","SYS_FCST_ACT_MW",3,19066,"ACTUAL",4
"75","2019-11-03T18:00:00-00:00","2019-11-03T19:00:00-00:00",0,"2019-11-03",11,0,"ACTUAL","CA ISO-TAC","Total Actual Hourly Integrated Load","SYS_FCST_ACT_MW",3,19107,"ACTUAL",4
"76","2019-11-03T16:00:00-00:00","2019-11-03T17:00:00-00:00",0,"2019-11-03",9,0,"ACTUAL","CA ISO-TAC","Total Actual Hourly Integrated Load","SYS_FCST_ACT_MW",3,19813,"ACTUAL",4
"77","2019-11-03T09:00:00-00:00","2019-11-03T10:00:00-00:00",0,"2019-11-03",25,0,"ACTUAL","CA ISO-TAC","Total Actual Hourly Integrated Load","SYS_FCST_ACT_MW",3,19078,"ACTUAL",4
"78","2019-11-04T07:00:00-00:00","2019-11-04T08:00:00-00:00",0,"2019-11-03",24,0,"ACTUAL","CA ISO-TAC","Total Actual Hourly Integrated Load","SYS_FCST_ACT_MW",3,20372,"ACTUAL",4
"79","2019-11-04T01:00:00-00:00","2019-11-04T02:00:00-00:00",0,"2019-11-03",18,0,"ACTUAL","CA ISO-TAC","Total Actual Hourly Integrated Load","SYS_FCST_ACT_MW",3,25751,"ACTUAL",4
"80","2019-11-03T14:00:00-00:00","2019-11-03T15:00:00-00:00",0,"2019-11-03",7,0,"ACTUAL","CA ISO-TAC","Total Actual Hourly Integrated Load","SYS_FCST_ACT_MW",3,20119,"ACTUAL",4
"81","2019-11-04T02:00:00-00:00","2019-11-04T03:00:00-00:00",0,"2019-11-03",19,0,"ACTUAL","CA ISO-TAC","Total Actual Hourly Integrated Load","SYS_FCST_ACT_MW",3,25675,"ACTUAL",4
"82","2019-11-03T21:00:00-00:00","2019-11-03T22:00:00-00:00",0,"2019-11-03",14,0,"ACTUAL","CA ISO-TAC","Total Actual Hourly Integrated Load","SYS_FCST_ACT_MW",3,20465,"ACTUAL",4
"83","2019-11-03T11:00:00-00:00","2019-11-03T12:00:00-00:00",0,"2019-11-03",4,0,"ACTUAL","CA ISO-TAC","Total Actual Hourly Integrated Load","SYS_FCST_ACT_MW",3,18828,"ACTUAL",4
"84","2019-11-03T22:00:00-00:00","2019-11-03T23:00:00-00:00",0,"2019-11-03",15,0,"ACTUAL","CA ISO-TAC","Total Actual Hourly Integrated Load","SYS_FCST_ACT_MW",3,21385,"ACTUAL",4
"85","2019-11-03T13:00:00-00:00","2019-11-03T14:00:00-00:00",0,"2019-11-03",6,0,"ACTUAL","CA ISO-TAC","Total Actual Hourly Integrated Load","SYS_FCST_ACT_MW",3,19615,"ACTUAL",4
"86","2019-11-03T10:00:00-00:00","2019-11-03T11:00:00-00:00",0,"2019-11-03",3,0,"ACTUAL","CA ISO-TAC","Total Actual Hourly Integrated Load","SYS_FCST_ACT_MW",3,18854,"ACTUAL",4
"87","2019-11-03T08:00:00-00:00","2019-11-03T09:00:00-00:00",0,"2019-11-03",2,0,"ACTUAL","CA ISO-TAC","Total Actual Hourly Integrated Load","SYS_FCST_ACT_MW",3,19276,"ACTUAL",4
"88","2019-11-03T23:00:00-00:00","2019-11-04T00:00:00-00:00",0,"2019-11-03",16,0,"ACTUAL","CA ISO-TAC","Total Actual Hourly Integrated Load","SYS_FCST_ACT_MW",3,22709,"ACTUAL",4
"89","2019-11-03T19:00:00-00:00","2019-11-03T20:00:00-00:00",0,"2019-11-03",12,0,"ACTUAL","CA ISO-TAC","Total Actual Hourly Integrated Load","SYS_FCST_ACT_MW",3,19273,"ACTUAL",4
"90","2019-11-04T05:00:00-00:00","2019-11-04T06:00:00-00:00",0,"2019-11-03",22,0,"ACTUAL","CA ISO-TAC","Total Actual Hourly Integrated Load","SYS_FCST_ACT_MW",3,22977,"ACTUAL",4
"91","2019-11-04T00:00:00-00:00","2019-11-04T01:00:00-00:00",0,"2019-11-03",17,0,"ACTUAL","CA ISO-TAC","Total Actual Hourly Integrated Load","SYS_FCST_ACT_MW",3,24267,"ACTUAL",4
"92","2019-11-04T04:00:00-00:00","2019-11-04T05:00:00-00:00",0,"2019-11-03",21,0,"ACTUAL","CA ISO-TAC","Total Actual Hourly Integrated Load","SYS_FCST_ACT_MW",3,24035,"ACTUAL",4
"93","2019-11-03T17:00:00-00:00","2019-11-03T18:00:00-00:00",0,"2019-11-03",10,0,"ACTUAL","CA ISO-TAC","Total Actual Hourly Integrated Load","SYS_FCST_ACT_MW",3,19351,"ACTUAL",4
"94","2019-11-04T06:00:00-00:00","2019-11-04T07:00:00-00:00",0,"2019-11-03",23,0,"ACTUAL","CA ISO-TAC","Total Actual Hourly Integrated Load","SYS_FCST_ACT_MW",3,21532,"ACTUAL",4
"95","2019-11-03T15:00:00-00:00","2019-11-03T16:00:00-00:00",0,"2019-11-03",8,0,"ACTUAL","CA ISO-TAC","Total Actual Hourly Integrated Load","SYS_FCST_ACT_MW",3,20247,"ACTUAL",4
"96","2019-11-03T20:00:00-00:00","2019-11-03T21:00:00-00:00",0,"2019-11-03",13,0,"ACTUAL","CA ISO-TAC","Total Actual Hourly Integrated Load","SYS_FCST_ACT_MW",3,19704,"ACTUAL",4
"97","2019-11-04T07:00:00-00:00","2019-11-04T08:00:00-00:00",0,"2019-11-03",24,0,"ACTUAL","IPCO","Total Actual Hourly Integrated Load","SYS_FCST_ACT_MW",3.8,1550,"ACTUAL",5
"98","2019-11-03T12:00:00-00:00","2019-11-03T13:00:00-00:00",0,"2019-11-03",5,0,"ACTUAL","IPCO","Total Actual Hourly Integrated Load","SYS_FCST_ACT_MW",3.8,1762,"ACTUAL",5
"99","2019-11-03T16:00:00-00:00","2019-11-03T17:00:00-00:00",0,"2019-11-03",9,0,"ACTUAL","IPCO","Total Actual Hourly Integrated Load","SYS_FCST_ACT_MW",3.8,1907,"ACTUAL",5
"100","2019-11-04T02:00:00-00:00","2019-11-04T03:00:00-00:00",0,"2019-11-03",19,0,"ACTUAL","IPCO","Total Actual Hourly Integrated Load","SYS_FCST_ACT_MW",3.8,1857,"ACTUAL",5
"101","2019-11-03T19:00:00-00:00","2019-11-03T20:00:00-00:00",0,"2019-11-03",12,0,"ACTUAL","IPCO","Total Actual Hourly Integrated Load","SYS_FCST_ACT_MW",3.8,1700,"ACTUAL",5
"102","2019-11-03T15:00:00-00:00","2019-11-03T16:00:00-00:00",0,"2019-11-03",8,0,"ACTUAL","IPCO","Total Actual Hourly Integrated Load","SYS_FCST_ACT_MW",3.8,1965,"ACTUAL",5
"103","2019-11-03T22:00:00-00:00","2019-11-03T23:00:00-00:00",0,"2019-11-03",15,0,"ACTUAL","IPCO","Total Actual Hourly Integrated Load","SYS_FCST_ACT_MW",3.8,1645,"ACTUAL",5
"104","2019-11-03T13:00:00-00:00","2019-11-03T14:00:00-00:00",0,"2019-11-03",6,0,"ACTUAL","IPCO","Total Actual Hourly Integrated Load","SYS_FCST_ACT_MW",3.8,1855,"ACTUAL",5
"105","2019-11-03T08:00:00-00:00","2019-11-03T09:00:00-00:00",0,"2019-11-03",2,0,"ACTUAL","IPCO","Total Actual Hourly Integrated Load","SYS_FCST_ACT_MW",3.8,1612,"ACTUAL",5
"106","2019-11-03T09:00:00-00:00","2019-11-03T10:00:00-00:00",0,"2019-11-03",25,0,"ACTUAL","IPCO","Total Actual Hourly Integrated Load","SYS_FCST_ACT_MW",3.8,1627,"ACTUAL",5
"107","2019-11-03T21:00:00-00:00","2019-11-03T22:00:00-00:00",0,"2019-11-03",14,0,"ACTUAL","IPCO","Total Actual Hourly Integrated Load","SYS_FCST_ACT_MW",3.8,1633,"ACTUAL",5
"108","2019-11-03T17:00:00-00:00","2019-11-03T18:00:00-00:00",0,"2019-11-03",10,0,"ACTUAL","IPCO","Total Actual Hourly Integrated Load","SYS_FCST_ACT_MW",3.8,1835,"ACTUAL",5
"109","2019-11-03T11:00:00-00:00","2019-11-03T12:00:00-00:00",0,"2019-11-03",4,0,"ACTUAL","IPCO","Total Actual Hourly Integrated Load","SYS_FCST_ACT_MW",3.8,1689,"ACTUAL",5
"110","2019-11-04T03:00:00-00:00","2019-11-04T04:00:00-00:00",0,"2019-11-03",20,0,"ACTUAL","IPCO","Total Actual Hourly Integrated Load","SYS_FCST_ACT_MW",3.8,1818,"ACTUAL",5
"111","2019-11-03T20:00:00-00:00","2019-11-03T21:00:00-00:00",0,"2019-11-03",13,0,"ACTUAL","IPCO","Total Actual Hourly Integrated Load","SYS_FCST_ACT_MW",3.8,1656,"ACTUAL",5
"112","2019-11-03T14:00:00-00:00","2019-11-03T15:00:00-00:00",0,"2019-11-03",7,0,"ACTUAL","IPCO","Total Actual Hourly Integrated Load","SYS_FCST_ACT_MW",3.8,1940,"ACTUAL",5
"113","2019-11-04T04:00:00-00:00","2019-11-04T05:00:00-00:00",0,"2019-11-03",21,0,"ACTUAL","IPCO","Total Actual Hourly Integrated Load","SYS_FCST_ACT_MW",3.8,1735,"ACTUAL",5
"114","2019-11-03T23:00:00-00:00","2019-11-04T00:00:00-00:00",0,"2019-11-03",16,0,"ACTUAL","IPCO","Total Actual Hourly Integrated Load","SYS_FCST_ACT_MW",3.8,1704,"ACTUAL",5
"115","2019-11-03T18:00:00-00:00","2019-11-03T19:00:00-00:00",0,"2019-11-03",11,0,"ACTUAL","IPCO","Total Actual Hourly Integrated Load","SYS_FCST_ACT_MW",3.8,1754,"ACTUAL",5
"116","2019-11-03T10:00:00-00:00","2019-11-03T11:00:00-00:00",0,"2019-11-03",3,0,"ACTUAL","IPCO","Total Actual Hourly Integrated Load","SYS_FCST_ACT_MW",3.8,1650,"ACTUAL",5
"117","2019-11-04T06:00:00-00:00","2019-11-04T07:00:00-00:00",0,"2019-11-03",23,0,"ACTUAL","IPCO","Total Actual Hourly Integrated Load","SYS_FCST_ACT_MW",3.8,1580,"ACTUAL",5
"118","2019-11-04T05:00:00-00:00","2019-11-04T06:00:00-00:00",0,"2019-11-03",22,0,"ACTUAL","IPCO","Total Actual Hourly Integrated Load","SYS_FCST_ACT_MW",3.8,1645,"ACTUAL",5
"119","2019-11-04T00:00:00-00:00","2019-11-04T01:00:00-00:00",0,"2019-11-03",17,0,"ACTUAL","IPCO","Total Actual Hourly Integrated Load","SYS_FCST_ACT_MW",3.8,1806,"ACTUAL",5
"120","2019-11-04T01:00:00-00:00","2019-11-04T02:00:00-00:00",0,"2019-11-03",18,0,"ACTUAL","IPCO","Total Actual Hourly Integrated Load","SYS_FCST_ACT_MW",3.8,1871,"ACTUAL",5
"121","2019-11-04T05:00:00-00:00","2019-11-04T06:00:00-00:00",0,"2019-11-03",22,0,"ACTUAL","MWD-TAC","Total Actual Hourly Integrated Load","SYS_FCST_ACT_MW",3.3,62,"ACTUAL",6
"122","2019-11-03T22:00:00-00:00","2019-11-03T23:00:00-00:00",0,"2019-11-03",15,0,"ACTUAL","MWD-TAC","Total Actual Hourly Integrated Load","SYS_FCST_ACT_MW",3.3,45,"ACTUAL",6
"123","2019-11-04T01:00:00-00:00","2019-11-04T02:00:00-00:00",0,"2019-11-03",18,0,"ACTUAL","MWD-TAC","Total Actual Hourly Integrated Load","SYS_FCST_ACT_MW",3.3,54,"ACTUAL",6
"124","2019-11-04T06:00:00-00:00","2019-11-04T07:00:00-00:00",0,"2019-11-03",23,0,"ACTUAL","MWD-TAC","Total Actual Hourly Integrated Load","SYS_FCST_ACT_MW",3.3,60,"ACTUAL",6
"125","2019-11-04T04:00:00-00:00","2019-11-04T05:00:00-00:00",0,"2019-11-03",21,0,"ACTUAL","MWD-TAC","Total Actual Hourly Integrated Load","SYS_FCST_ACT_MW",3.3,64,"ACTUAL",6
"126","2019-11-03T20:00:00-00:00","2019-11-03T21:00:00-00:00",0,"2019-11-03",13,0,"ACTUAL","MWD-TAC","Total Actual Hourly Integrated Load","SYS_FCST_ACT_MW",3.3,76,"ACTUAL",6
"127","2019-11-03T19:00:00-00:00","2019-11-03T20:00:00-00:00",0,"2019-11-03",12,0,"ACTUAL","MWD-TAC","Total Actual Hourly Integrated Load","SYS_FCST_ACT_MW",3.3,64,"ACTUAL",6
"128","2019-11-03T18:00:00-00:00","2019-11-03T19:00:00-00:00",0,"2019-11-03",11,0,"ACTUAL","MWD-TAC","Total Actual Hourly Integrated Load","SYS_FCST_ACT_MW",3.3,46,"ACTUAL",6
"129","2019-11-03T14:00:00-00:00","2019-11-03T15:00:00-00:00",0,"2019-11-03",7,0,"ACTUAL","MWD-TAC","Total Actual Hourly Integrated Load","SYS_FCST_ACT_MW",3.3,63,"ACTUAL",6
"130","2019-11-03T13:00:00-00:00","2019-11-03T14:00:00-00:00",0,"2019-11-03",6,0,"ACTUAL","MWD-TAC","Total Actual Hourly Integrated Load","SYS_FCST_ACT_MW",3.3,66,"ACTUAL",6
"131","2019-11-03T12:00:00-00:00","2019-11-03T13:00:00-00:00",0,"2019-11-03",5,0,"ACTUAL","MWD-TAC","Total Actual Hourly Integrated Load","SYS_FCST_ACT_MW",3.3,60,"ACTUAL",6
"132","2019-11-03T09:00:00-00:00","2019-11-03T10:00:00-00:00",0,"2019-11-03",25,0,"ACTUAL","MWD-TAC","Total Actual Hourly Integrated Load","SYS_FCST_ACT_MW",3.3,57,"ACTUAL",6
"133","2019-11-03T11:00:00-00:00","2019-11-03T12:00:00-00:00",0,"2019-11-03",4,0,"ACTUAL","MWD-TAC","Total Actual Hourly Integrated Load","SYS_FCST_ACT_MW",3.3,70,"ACTUAL",6
"134","2019-11-03T21:00:00-00:00","2019-11-03T22:00:00-00:00",0,"2019-11-03",14,0,"ACTUAL","MWD-TAC","Total Actual Hourly Integrated Load","SYS_FCST_ACT_MW",3.3,63,"ACTUAL",6
"135","2019-11-03T16:00:00-00:00","2019-11-03T17:00:00-00:00",0,"2019-11-03",9,0,"ACTUAL","MWD-TAC","Total Actual Hourly Integrated Load","SYS_FCST_ACT_MW",3.3,61,"ACTUAL",6
"136","2019-11-04T07:00:00-00:00","2019-11-04T08:00:00-00:00",0,"2019-11-03",24,0,"ACTUAL","MWD-TAC","Total Actual Hourly Integrated Load","SYS_FCST_ACT_MW",3.3,61,"ACTUAL",6
"137","2019-11-03T17:00:00-00:00","2019-11-03T18:00:00-00:00",0,"2019-11-03",10,0,"ACTUAL","MWD-TAC","Total Actual Hourly Integrated Load","SYS_FCST_ACT_MW",3.3,49,"ACTUAL",6
"138","2019-11-03T10:00:00-00:00","2019-11-03T11:00:00-00:00",0,"2019-11-03",3,0,"ACTUAL","MWD-TAC","Total Actual Hourly Integrated Load","SYS_FCST_ACT_MW",3.3,64,"ACTUAL",6
"139","2019-11-03T08:00:00-00:00","2019-11-03T09:00:00-00:00",0,"2019-11-03",2,0,"ACTUAL","MWD-TAC","Total Actual Hourly Integrated Load","SYS_FCST_ACT_MW",3.3,61,"ACTUAL",6
"140","2019-11-04T02:00:00-00:00","2019-11-04T03:00:00-00:00",0,"2019-11-03",19,0,"ACTUAL","MWD-TAC","Total Actual Hourly Integrated Load","SYS_FCST_ACT_MW",3.3,50,"ACTUAL",6
"141","2019-11-04T00:00:00-00:00","2019-11-04T01:00:00-00:00",0,"2019-11-03",17,0,"ACTUAL","MWD-TAC","Total Actual Hourly Integrated Load","SYS_FCST_ACT_MW",3.3,55,"ACTUAL",6
"142","2019-11-03T15:00:00-00:00","2019-11-03T16:00:00-00:00",0,"2019-11-03",8,0,"ACTUAL","MWD-TAC","Total Actual Hourly Integrated Load","SYS_FCST_ACT_MW",3.3,52,"ACTUAL",6
"143","2019-11-03T23:00:00-00:00","2019-11-04T00:00:00-00:00",0,"2019-11-03",16,0,"ACTUAL","MWD-TAC","Total Actual Hourly Integrated Load","SYS_FCST_ACT_MW",3.3,52,"ACTUAL",6
"144","2019-11-04T03:00:00-00:00","2019-11-04T04:00:00-00:00",0,"2019-11-03",20,0,"ACTUAL","MWD-TAC","Total Actual Hourly Integrated Load","SYS_FCST_ACT_MW",3.3,50,"ACTUAL",6
"145","2019-11-04T01:00:00-00:00","2019-11-04T02:00:00-00:00",0,"2019-11-03",18,0,"ACTUAL","NEVP","Total Actual Hourly Integrated Load","SYS_FCST_ACT_MW",3.8,3932,"ACTUAL",7
"146","2019-11-03T20:00:00-00:00","2019-11-03T21:00:00-00:00",0,"2019-11-03",13,0,"ACTUAL","NEVP","Total Actual Hourly Integrated Load","SYS_FCST_ACT_MW",3.8,3397,"ACTUAL",7
"147","2019-11-04T03:00:00-00:00","2019-11-04T04:00:00-00:00",0,"2019-11-03",20,0,"ACTUAL","NEVP","Total Actual Hourly Integrated Load","SYS_FCST_ACT_MW",3.8,3820,"ACTUAL",7
"148","2019-11-04T02:00:00-00:00","2019-11-04T03:00:00-00:00",0,"2019-11-03",19,0,"ACTUAL","NEVP","Total Actual Hourly Integrated Load","SYS_FCST_ACT_MW",3.8,3879,"ACTUAL",7
"149","2019-11-03T16:00:00-00:00","2019-11-03T17:00:00-00:00",0,"2019-11-03",9,0,"ACTUAL","NEVP","Total Actual Hourly Integrated Load","SYS_FCST_ACT_MW",3.8,3369,"ACTUAL",7
"150","2019-11-03T12:00:00-00:00","2019-11-03T13:00:00-00:00",0,"2019-11-03",5,0,"ACTUAL","NEVP","Total Actual Hourly Integrated Load","SYS_FCST_ACT_MW",3.8,3252,"ACTUAL",7
"151","2019-11-03T10:00:00-00:00","2019-11-03T11:00:00-00:00",0,"2019-11-03",3,0,"ACTUAL","NEVP","Total Actual Hourly Integrated Load","SYS_FCST_ACT_MW",3.8,3184,"ACTUAL",7
"152","2019-11-03T22:00:00-00:00","2019-11-03T23:00:00-00:00",0,"2019-11-03",15,0,"ACTUAL","NEVP","Total Actual Hourly Integrated Load","SYS_FCST_ACT_MW",3.8,3522,"ACTUAL",7
"153","2019-11-03T21:00:00-00:00","2019-11-03T22:00:00-00:00",0,"2019-11-03",14,0,"ACTUAL","NEVP","Total Actual Hourly Integrated Load","SYS_FCST_ACT_MW",3.8,3458,"ACTUAL",7
"154","2019-11-03T14:00:00-00:00","2019-11-03T15:00:00-00:00",0,"2019-11-03",7,0,"ACTUAL","NEVP","Total Actual Hourly Integrated Load","SYS_FCST_ACT_MW",3.8,3316,"ACTUAL",7
"155","2019-11-03T11:00:00-00:00","2019-11-03T12:00:00-00:00",0,"2019-11-03",4,0,"ACTUAL","NEVP","Total Actual Hourly Integrated Load","SYS_FCST_ACT_MW",3.8,3199,"ACTUAL",7
"156","2019-11-04T07:00:00-00:00","2019-11-04T08:00:00-00:00",0,"2019-11-03",24,0,"ACTUAL","NEVP","Total Actual Hourly Integrated Load","SYS_FCST_ACT_MW",3.8,3315,"ACTUAL",7
"157","2019-11-04T06:00:00-00:00","2019-11-04T07:00:00-00:00",0,"2019-11-03",23,0,"ACTUAL","NEVP","Total Actual Hourly Integrated Load","SYS_FCST_ACT_MW",3.8,3437,"ACTUAL",7
"158","2019-11-04T00:00:00-00:00","2019-11-04T01:00:00-00:00",0,"2019-11-03",17,0,"ACTUAL","NEVP","Total Actual Hourly Integrated Load","SYS_FCST_ACT_MW",3.8,3775,"ACTUAL",7
"159","2019-11-04T04:00:00-00:00","2019-11-04T05:00:00-00:00",0,"2019-11-03",21,0,"ACTUAL","NEVP","Total Actual Hourly Integrated Load","SYS_FCST_ACT_MW",3.8,3705,"ACTUAL",7
"160","2019-11-03T23:00:00-00:00","2019-11-04T00:00:00-00:00",0,"2019-11-03",16,0,"ACTUAL","NEVP","Total Actual Hourly Integrated Load","SYS_FCST_ACT_MW",3.8,3619,"ACTUAL",7
"161","2019-11-03T19:00:00-00:00","2019-11-03T20:00:00-00:00",0,"2019-11-03",12,0,"ACTUAL","NEVP","Total Actual Hourly Integrated Load","SYS_FCST_ACT_MW",3.8,3376,"ACTUAL",7
"162","2019-11-03T13:00:00-00:00","2019-11-03T14:00:00-00:00",0,"2019-11-03",6,0,"ACTUAL","NEVP","Total Actual Hourly Integrated Load","SYS_FCST_ACT_MW",3.8,3316,"ACTUAL",7
"163","2019-11-03T09:00:00-00:00","2019-11-03T10:00:00-00:00",0,"2019-11-03",25,0,"ACTUAL","NEVP","Total Actual Hourly Integrated Load","SYS_FCST_ACT_MW",3.8,3196,"ACTUAL",7
"164","2019-11-04T05:00:00-00:00","2019-11-04T06:00:00-00:00",0,"2019-11-03",22,0,"ACTUAL","NEVP","Total Actual Hourly Integrated Load","SYS_FCST_ACT_MW",3.8,3569,"ACTUAL",7
"165","2019-11-03T17:00:00-00:00","2019-11-03T18:00:00-00:00",0,"2019-11-03",10,0,"ACTUAL","NEVP","Total Actual Hourly Integrated Load","SYS_FCST_ACT_MW",3.8,3376,"ACTUAL",7
"166","2019-11-03T08:00:00-00:00","2019-11-03T09:00:00-00:00",0,"2019-11-03",2,0,"ACTUAL","NEVP","Total Actual Hourly Integrated Load","SYS_FCST_ACT_MW",3.8,3219,"ACTUAL",7
"167","2019-11-03T18:00:00-00:00","2019-11-03T19:00:00-00:00",0,"2019-11-03",11,0,"ACTUAL","NEVP","Total Actual Hourly Integrated Load","SYS_FCST_ACT_MW",3.8,3375,"ACTUAL",7
"168","2019-11-03T15:00:00-00:00","2019-11-03T16:00:00-00:00",0,"2019-11-03",8,0,"ACTUAL","NEVP","Total Actual Hourly Integrated Load","SYS_FCST_ACT_MW",3.8,3330,"ACTUAL",7
"169","2019-11-03T13:00:00-00:00","2019-11-03T14:00:00-00:00",0,"2019-11-03",6,0,"ACTUAL","PACE","Total Actual Hourly Integrated Load","SYS_FCST_ACT_MW",3.8,4849,"ACTUAL",8
"170","2019-11-04T03:00:00-00:00","2019-11-04T04:00:00-00:00",0,"2019-11-03",20,0,"ACTUAL","PACE","Total Actual Hourly Integrated Load","SYS_FCST_ACT_MW",3.8,5154,"ACTUAL",8
"171","2019-11-03T11:00:00-00:00","2019-11-03T12:00:00-00:00",0,"2019-11-03",4,0,"ACTUAL","PACE","Total Actual Hourly Integrated Load","SYS_FCST_ACT_MW",3.8,4617,"ACTUAL",8
"172","2019-11-03T19:00:00-00:00","2019-11-03T20:00:00-00:00",0,"2019-11-03",12,0,"ACTUAL","PACE","Total Actual Hourly Integrated Load","SYS_FCST_ACT_MW",3.8,4758,"ACTUAL",8
"173","2019-11-04T05:00:00-00:00","2019-11-04T06:00:00-00:00",0,"2019-11-03",22,0,"ACTUAL","PACE","Total Actual Hourly Integrated Load","SYS_FCST_ACT_MW",3.8,4761,"ACTUAL",8
"174","2019-11-03T17:00:00-00:00","2019-11-03T18:00:00-00:00",0,"2019-11-03",10,0,"ACTUAL","PACE","Total Actual Hourly Integrated Load","SYS_FCST_ACT_MW",3.8,4808,"ACTUAL",8
"175","2019-11-03T21:00:00-00:00","2019-11-03T22:00:00-00:00",0,"2019-11-03",14,0,"ACTUAL","PACE","Total Actual Hourly Integrated Load","SYS_FCST_ACT_MW",3.8,4788,"ACTUAL",8
"176","2019-11-03T23:00:00-00:00","2019-11-04T00:00:00-00:00",0,"2019-11-03",16,0,"ACTUAL","PACE","Total Actual Hourly Integrated Load","SYS_FCST_ACT_MW",3.8,5014,"ACTUAL",8
"177","2019-11-03T09:00:00-00:00","2019-11-03T10:00:00-00:00",0,"2019-11-03",25,0,"ACTUAL","PACE","Total Actual Hourly Integrated Load","SYS_FCST_ACT_MW",3.8,4530,"ACTUAL",8
"178","2019-11-04T07:00:00-00:00","2019-11-04T08:00:00-00:00",0,"2019-11-03",24,0,"ACTUAL","PACE","Total Actual Hourly Integrated Load","SYS_FCST_ACT_MW",3.8,4489,"ACTUAL",8
"179","2019-11-03T08:00:00-00:00","2019-11-03T09:00:00-00:00",0,"2019-11-03",2,0,"ACTUAL","PACE","Total Actual Hourly Integrated Load","SYS_FCST_ACT_MW",3.8,4524,"ACTUAL",8
"180","2019-11-03T12:00:00-00:00","2019-11-03T13:00:00-00:00",0,"2019-11-03",5,0,"ACTUAL","PACE","Total Actual Hourly Integrated Load","SYS_FCST_ACT_MW",3.8,4721,"ACTUAL",8
"181","2019-11-04T00:00:00-00:00","2019-11-04T01:00:00-00:00",0,"2019-11-03",17,0,"ACTUAL","PACE","Total Actual Hourly Integrated Load","SYS_FCST_ACT_MW",3.8,5236,"ACTUAL",8
"182","2019-11-03T18:00:00-00:00","2019-11-03T19:00:00-00:00",0,"2019-11-03",11,0,"ACTUAL","PACE","Total Actual Hourly Integrated Load","SYS_FCST_ACT_MW",3.8,4773,"ACTUAL",8
"183","2019-11-03T20:00:00-00:00","2019-11-03T21:00:00-00:00",0,"2019-11-03",13,0,"ACTUAL","PACE","Total Actual Hourly Integrated Load","SYS_FCST_ACT_MW",3.8,4764,"ACTUAL",8
"184","2019-11-04T01:00:00-00:00","2019-11-04T02:00:00-00:00",0,"2019-11-03",18,0,"ACTUAL","PACE","Total Actual Hourly Integrated Load","SYS_FCST_ACT_MW",3.8,5314,"ACTUAL",8
"185","2019-11-04T04:00:00-00:00","2019-11-04T05:00:00-00:00",0,"2019-11-03",21,0,"ACTUAL","PACE","Total Actual Hourly Integrated Load","SYS_FCST_ACT_MW",3.8,4975,"ACTUAL",8
"186","2019-11-03T10:00:00-00:00","2019-11-03T11:00:00-00:00",0,"2019-11-03",3,0,"ACTUAL","PACE","Total Actual Hourly Integrated Load","SYS_FCST_ACT_MW",3.8,4551,"ACTUAL",8
"187","2019-11-03T15:00:00-00:00","2019-11-03T16:00:00-00:00",0,"2019-11-03",8,0,"ACTUAL","PACE","Total Actual Hourly Integrated Load","SYS_FCST_ACT_MW",3.8,4943,"ACTUAL",8
"188","2019-11-03T16:00:00-00:00","2019-11-03T17:00:00-00:00",0,"2019-11-03",9,0,"ACTUAL","PACE","Total Actual Hourly Integrated Load","SYS_FCST_ACT_MW",3.8,4876,"ACTUAL",8
"189","2019-11-03T22:00:00-00:00","2019-11-03T23:00:00-00:00",0,"2019-11-03",15,0,"ACTUAL","PACE","Total Actual Hourly Integrated Load","SYS_FCST_ACT_MW",3.8,4854,"ACTUAL",8
"190","2019-11-03T14:00:00-00:00","2019-11-03T15:00:00-00:00",0,"2019-11-03",7,0,"ACTUAL","PACE","Total Actual Hourly Integrated Load","SYS_FCST_ACT_MW",3.8,4935,"ACTUAL",8
"191","2019-11-04T02:00:00-00:00","2019-11-04T03:00:00-00:00",0,"2019-11-03",19,0,"ACTUAL","PACE","Total Actual Hourly Integrated Load","SYS_FCST_ACT_MW",3.8,5264,"ACTUAL",8
"192","2019-11-04T06:00:00-00:00","2019-11-04T07:00:00-00:00",0,"2019-11-03",23,0,"ACTUAL","PACE","Total Actual Hourly Integrated Load","SYS_FCST_ACT_MW",3.8,4586,"ACTUAL",8
"193","2019-11-03T17:00:00-00:00","2019-11-03T18:00:00-00:00",0,"2019-11-03",10,0,"ACTUAL","PACW","Total Actual Hourly Integrated Load","SYS_FCST_ACT_MW",3.8,2510,"ACTUAL",9
"194","2019-11-04T00:00:00-00:00","2019-11-04T01:00:00-00:00",0,"2019-11-03",17,0,"ACTUAL","PACW","Total Actual Hourly Integrated Load","SYS_FCST_ACT_MW",3.8,2280,"ACTUAL",9
"195","2019-11-03T22:00:00-00:00","2019-11-03T23:00:00-00:00",0,"2019-11-03",15,0,"ACTUAL","PACW","Total Actual Hourly Integrated Load","SYS_FCST_ACT_MW",3.8,2099,"ACTUAL",9
"196","2019-11-04T02:00:00-00:00","2019-11-04T03:00:00-00:00",0,"2019-11-03",19,0,"ACTUAL","PACW","Total Actual Hourly Integrated Load","SYS_FCST_ACT_MW",3.8,2454,"ACTUAL",9
"197","2019-11-03T09:00:00-00:00","2019-11-03T10:00:00-00:00",0,"2019-11-03",25,0,"ACTUAL","PACW","Total Actual Hourly Integrated Load","SYS_FCST_ACT_MW",3.8,1940,"ACTUAL",9
"198","2019-11-03T23:00:00-00:00","2019-11-04T00:00:00-00:00",0,"2019-11-03",16,0,"ACTUAL","PACW","Total Actual Hourly Integrated Load","SYS_FCST_ACT_MW",3.8,2145,"ACTUAL",9
"199","2019-11-03T08:00:00-00:00","2019-11-03T09:00:00-00:00",0,"2019-11-03",2,0,"ACTUAL","PACW","Total Actual Hourly Integrated Load","SYS_FCST_ACT_MW",3.8,1927,"ACTUAL",9
"200","2019-11-03T10:00:00-00:00","2019-11-03T11:00:00-00:00",0,"2019-11-03",3,0,"ACTUAL","PACW","Total Actual Hourly Integrated Load","SYS_FCST_ACT_MW",3.8,1965,"ACTUAL",9
"201","2019-11-03T11:00:00-00:00","2019-11-03T12:00:00-00:00",0,"2019-11-03",4,0,"ACTUAL","PACW","Total Actual Hourly Integrated Load","SYS_FCST_ACT_MW",3.8,2023,"ACTUAL",9
"202","2019-11-03T16:00:00-00:00","2019-11-03T17:00:00-00:00",0,"2019-11-03",9,0,"ACTUAL","PACW","Total Actual Hourly Integrated Load","SYS_FCST_ACT_MW",3.8,2626,"ACTUAL",9
"203","2019-11-04T03:00:00-00:00","2019-11-04T04:00:00-00:00",0,"2019-11-03",20,0,"ACTUAL","PACW","Total Actual Hourly Integrated Load","SYS_FCST_ACT_MW",3.8,2391,"ACTUAL",9
"204","2019-11-03T14:00:00-00:00","2019-11-03T15:00:00-00:00",0,"2019-11-03",7,0,"ACTUAL","PACW","Total Actual Hourly Integrated Load","SYS_FCST_ACT_MW",3.8,2489,"ACTUAL",9
"205","2019-11-03T12:00:00-00:00","2019-11-03T13:00:00-00:00",0,"2019-11-03",5,0,"ACTUAL","PACW","Total Actual Hourly Integrated Load","SYS_FCST_ACT_MW",3.8,2129,"ACTUAL",9
"206","2019-11-03T18:00:00-00:00","2019-11-03T19:00:00-00:00",0,"2019-11-03",11,0,"ACTUAL","PACW","Total Actual Hourly Integrated Load","SYS_FCST_ACT_MW",3.8,2359,"ACTUAL",9
"207","2019-11-03T21:00:00-00:00","2019-11-03T22:00:00-00:00",0,"2019-11-03",14,0,"ACTUAL","PACW","Total Actual Hourly Integrated Load","SYS_FCST_ACT_MW",3.8,2107,"ACTUAL",9
"208","2019-11-04T04:00:00-00:00","2019-11-04T05:00:00-00:00",0,"2019-11-03",21,0,"ACTUAL","PACW","Total Actual Hourly Integrated Load","SYS_FCST_ACT_MW",3.8,2310,"ACTUAL",9
"209","2019-11-04T05:00:00-00:00","2019-11-04T06:00:00-00:00",0,"2019-11-03",22,0,"ACTUAL","PACW","Total Actual Hourly Integrated Load","SYS_FCST_ACT_MW",3.8,2179,"ACTUAL",9
"210","2019-11-04T06:00:00-00:00","2019-11-04T07:00:00-00:00",0,"2019-11-03",23,0,"ACTUAL","PACW","Total Actual Hourly Integrated Load","SYS_FCST_ACT_MW",3.8,2044,"ACTUAL",9
"211","2019-11-04T07:00:00-00:00","2019-11-04T08:00:00-00:00",0,"2019-11-03",24,0,"ACTUAL","PACW","Total Actual Hourly Integrated Load","SYS_FCST_ACT_MW",3.8,1957,"ACTUAL",9
"212","2019-11-04T01:00:00-00:00","2019-11-04T02:00:00-00:00",0,"2019-11-03",18,0,"ACTUAL","PACW","Total Actual Hourly Integrated Load","SYS_FCST_ACT_MW",3.8,2451,"ACTUAL",9
"213","2019-11-03T13:00:00-00:00","2019-11-03T14:00:00-00:00",0,"2019-11-03",6,0,"ACTUAL","PACW","Total Actual Hourly Integrated Load","SYS_FCST_ACT_MW",3.8,2292,"ACTUAL",9
"214","2019-11-03T15:00:00-00:00","2019-11-03T16:00:00-00:00",0,"2019-11-03",8,0,"ACTUAL","PACW","Total Actual Hourly Integrated Load","SYS_FCST_ACT_MW",3.8,2637,"ACTUAL",9
"215","2019-11-03T19:00:00-00:00","2019-11-03T20:00:00-00:00",0,"2019-11-03",12,0,"ACTUAL","PACW","Total Actual Hourly Integrated Load","SYS_FCST_ACT_MW",3.8,2253,"ACTUAL",9
"216","2019-11-03T20:00:00-00:00","2019-11-03T21:00:00-00:00",0,"2019-11-03",13,0,"ACTUAL","PACW","Total Actual Hourly Integrated Load","SYS_FCST_ACT_MW",3.8,2161,"ACTUAL",9
"217","2019-11-03T11:00:00-00:00","2019-11-03T12:00:00-00:00",0,"2019-11-03",4,0,"ACTUAL","PGE","Total Actual Hourly Integrated Load","SYS_FCST_ACT_MW",3.8,1885,"ACTUAL",10
"218","2019-11-03T23:00:00-00:00","2019-11-04T00:00:00-00:00",0,"2019-11-03",16,0,"ACTUAL","PGE","Total Actual Hourly Integrated Load","SYS_FCST_ACT_MW",3.8,2280,"ACTUAL",10
"219","2019-11-04T01:00:00-00:00","2019-11-04T02:00:00-00:00",0,"2019-11-03",18,0,"ACTUAL","PGE","Total Actual Hourly Integrated Load","SYS_FCST_ACT_MW",3.8,2566,"ACTUAL",10
"220","2019-11-03T19:00:00-00:00","2019-11-03T20:00:00-00:00",0,"2019-11-03",12,0,"ACTUAL","PGE","Total Actual Hourly Integrated Load","SYS_FCST_ACT_MW",3.8,2329,"ACTUAL",10
"221","2019-11-03T12:00:00-00:00","2019-11-03T13:00:00-00:00",0,"2019-11-03",5,0,"ACTUAL","PGE","Total Actual Hourly Integrated Load","SYS_FCST_ACT_MW",3.8,1956,"ACTUAL",10
"222","2019-11-04T06:00:00-00:00","2019-11-04T07:00:00-00:00",0,"2019-11-03",23,0,"ACTUAL","PGE","Total Actual Hourly Integrated Load","SYS_FCST_ACT_MW",3.8,2075,"ACTUAL",10
"223","2019-11-04T07:00:00-00:00","2019-11-04T08:00:00-00:00",0,"2019-11-03",24,0,"ACTUAL","PGE","Total Actual Hourly Integrated Load","SYS_FCST_ACT_MW",3.8,1946,"ACTUAL",10
"224","2019-11-04T04:00:00-00:00","2019-11-04T05:00:00-00:00",0,"2019-11-03",21,0,"ACTUAL","PGE","Total Actual Hourly Integrated Load","SYS_FCST_ACT_MW",3.8,2400,"ACTUAL",10
"225","2019-11-03T20:00:00-00:00","2019-11-03T21:00:00-00:00",0,"2019-11-03",13,0,"ACTUAL","PGE","Total Actual Hourly Integrated Load","SYS_FCST_ACT_MW",3.8,2275,"ACTUAL",10
"226","2019-11-03T13:00:00-00:00","2019-11-03T14:00:00-00:00",0,"2019-11-03",6,0,"ACTUAL","PGE","Total Actual Hourly Integrated Load","SYS_FCST_ACT_MW",3.8,2083,"ACTUAL",10
"227","2019-11-03T22:00:00-00:00","2019-11-03T23:00:00-00:00",0,"2019-11-03",15,0,"ACTUAL","PGE","Total Actual Hourly Integrated Load","SYS_FCST_ACT_MW",3.8,2232,"ACTUAL",10
"228","2019-11-03T18:00:00-00:00","2019-11-03T19:00:00-00:00",0,"2019-11-03",11,0,"ACTUAL","PGE","Total Actual Hourly Integrated Load","SYS_FCST_ACT_MW",3.8,2403,"ACTUAL",10
"229","2019-11-03T15:00:00-00:00","2019-11-03T16:00:00-00:00",0,"2019-11-03",8,0,"ACTUAL","PGE","Total Actual Hourly Integrated Load","SYS_FCST_ACT_MW",3.8,2422,"ACTUAL",10
"230","2019-11-03T14:00:00-00:00","2019-11-03T15:00:00-00:00",0,"2019-11-03",7,0,"ACTUAL","PGE","Total Actual Hourly Integrated Load","SYS_FCST_ACT_MW",3.8,2255,"ACTUAL",10
"231","2019-11-04T03:00:00-00:00","2019-11-04T04:00:00-00:00",0,"2019-11-03",20,0,"ACTUAL","PGE","Total Actual Hourly Integrated Load","SYS_FCST_ACT_MW",3.8,2506,"ACTUAL",10
"232","2019-11-04T02:00:00-00:00","2019-11-04T03:00:00-00:00",0,"2019-11-03",19,0,"ACTUAL","PGE","Total Actual Hourly Integrated Load","SYS_FCST_ACT_MW",3.8,2565,"ACTUAL",10
"233","2019-11-03T17:00:00-00:00","2019-11-03T18:00:00-00:00",0,"2019-11-03",10,0,"ACTUAL","PGE","Total Actual Hourly Integrated Load","SYS_FCST_ACT_MW",3.8,2473,"ACTUAL",10
"234","2019-11-03T16:00:00-00:00","2019-11-03T17:00:00-00:00",0,"2019-11-03",9,0,"ACTUAL","PGE","Total Actual Hourly Integrated Load","SYS_FCST_ACT_MW",3.8,2499,"ACTUAL",10
"235","2019-11-03T10:00:00-00:00","2019-11-03T11:00:00-00:00",0,"2019-11-03",3,0,"ACTUAL","PGE","Total Actual Hourly Integrated Load","SYS_FCST_ACT_MW",3.8,1854,"ACTUAL",10
"236","2019-11-03T08:00:00-00:00","2019-11-03T09:00:00-00:00",0,"2019-11-03",2,0,"ACTUAL","PGE","Total Actual Hourly Integrated Load","SYS_FCST_ACT_MW",3.8,1868,"ACTUAL",10
"237","2019-11-03T09:00:00-00:00","2019-11-03T10:00:00-00:00",0,"2019-11-03",25,0,"ACTUAL","PGE","Total Actual Hourly Integrated Load","SYS_FCST_ACT_MW",3.8,1849,"ACTUAL",10
"238","2019-11-04T05:00:00-00:00","2019-11-04T06:00:00-00:00",0,"2019-11-03",22,0,"ACTUAL","PGE","Total Actual Hourly Integrated Load","SYS_FCST_ACT_MW",3.8,2244,"ACTUAL",10
"239","2019-11-04T00:00:00-00:00","2019-11-04T01:00:00-00:00",0,"2019-11-03",17,0,"ACTUAL","PGE","Total Actual Hourly Integrated Load","SYS_FCST_ACT_MW",3.8,2405,"ACTUAL",10
"240","2019-11-03T21:00:00-00:00","2019-11-03T22:00:00-00:00",0,"2019-11-03",14,0,"ACTUAL","PGE","Total Actual Hourly Integrated Load","SYS_FCST_ACT_MW",3.8,2238,"ACTUAL",10
"241","2019-11-04T00:00:00-00:00","2019-11-04T01:00:00-00:00",0,"2019-11-03",17,0,"ACTUAL","PGE-TAC","Total Actual Hourly Integrated Load","SYS_FCST_ACT_MW",3.1,10843,"ACTUAL",11
"242","2019-11-03T21:00:00-00:00","2019-11-03T22:00:00-00:00",0,"2019-11-03",14,0,"ACTUAL","PGE-TAC","Total Actual Hourly Integrated Load","SYS_FCST_ACT_MW",3.1,9097,"ACTUAL",11
"243","2019-11-03T09:00:00-00:00","2019-11-03T10:00:00-00:00",0,"2019-11-03",25,0,"ACTUAL","PGE-TAC","Total Actual Hourly Integrated Load","SYS_FCST_ACT_MW",3.1,8785,"ACTUAL",11
"244","2019-11-04T03:00:00-00:00","2019-11-04T04:00:00-00:00",0,"2019-11-03",20,0,"ACTUAL","PGE-TAC","Total Actual Hourly Integrated Load","SYS_FCST_ACT_MW",3.1,11268,"ACTUAL",11
"245","2019-11-04T01:00:00-00:00","2019-11-04T02:00:00-00:00",0,"2019-11-03",18,0,"ACTUAL","PGE-TAC","Total Actual Hourly Integrated Load","SYS_FCST_ACT_MW",3.1,11589,"ACTUAL",11
"246","2019-11-04T04:00:00-00:00","2019-11-04T05:00:00-00:00",0,"2019-11-03",21,0,"ACTUAL","PGE-TAC","Total Actual Hourly Integrated Load","SYS_FCST_ACT_MW",3.1,10905,"ACTUAL",11
"247","2019-11-04T05:00:00-00:00","2019-11-04T06:00:00-00:00",0,"2019-11-03",22,0,"ACTUAL","PGE-TAC","Total Actual Hourly Integrated Load","SYS_FCST_ACT_MW",3.1,10511,"ACTUAL",11
"248","2019-11-04T07:00:00-00:00","2019-11-04T08:00:00-00:00",0,"2019-11-03",24,0,"ACTUAL","PGE-TAC","Total Actual Hourly Integrated Load","SYS_FCST_ACT_MW",3.1,9310,"ACTUAL",11
"249","2019-11-03T12:00:00-00:00","2019-11-03T13:00:00-00:00",0,"2019-11-03",5,0,"ACTUAL","PGE-TAC","Total Actual Hourly Integrated Load","SYS_FCST_ACT_MW",3.1,8800,"ACTUAL",11
"250","2019-11-03T19:00:00-00:00","2019-11-03T20:00:00-00:00",0,"2019-11-03",12,0,"ACTUAL","PGE-TAC","Total Actual Hourly Integrated Load","SYS_FCST_ACT_MW",3.1,8755,"ACTUAL",11
"251","2019-11-03T23:00:00-00:00","2019-11-04T00:00:00-00:00",0,"2019-11-03",16,0,"ACTUAL","PGE-TAC","Total Actual Hourly Integrated Load","SYS_FCST_ACT_MW",3.1,10010,"ACTUAL",11
"252","2019-11-03T13:00:00-00:00","2019-11-03T14:00:00-00:00",0,"2019-11-03",6,0,"ACTUAL","PGE-TAC","Total Actual Hourly Integrated Load","SYS_FCST_ACT_MW",3.1,9100,"ACTUAL",11
"253","2019-11-04T02:00:00-00:00","2019-11-04T03:00:00-00:00",0,"2019-11-03",19,0,"ACTUAL","PGE-TAC","Total Actual Hourly Integrated Load","SYS_FCST_ACT_MW",3.1,11622,"ACTUAL",11
"254","2019-11-03T11:00:00-00:00","2019-11-03T12:00:00-00:00",0,"2019-11-03",4,0,"ACTUAL","PGE-TAC","Total Actual Hourly Integrated Load","SYS_FCST_ACT_MW",3.1,8681,"ACTUAL",11
"255","2019-11-03T08:00:00-00:00","2019-11-03T09:00:00-00:00",0,"2019-11-03",2,0,"ACTUAL","PGE-TAC","Total Actual Hourly Integrated Load","SYS_FCST_ACT_MW",3.1,8731,"ACTUAL",11
"256","2019-11-03T16:00:00-00:00","2019-11-03T17:00:00-00:00",0,"2019-11-03",9,0,"ACTUAL","PGE-TAC","Total Actual Hourly Integrated Load","SYS_FCST_ACT_MW",3.1,9332,"ACTUAL",11
"257","2019-11-03T18:00:00-00:00","2019-11-03T19:00:00-00:00",0,"2019-11-03",11,0,"ACTUAL","PGE-TAC","Total Actual Hourly Integrated Load","SYS_FCST_ACT_MW",3.1,8809,"ACTUAL",11
"258","2019-11-03T15:00:00-00:00","2019-11-03T16:00:00-00:00",0,"2019-11-03",8,0,"ACTUAL","PGE-TAC","Total Actual Hourly Integrated Load","SYS_FCST_ACT_MW",3.1,9523,"ACTUAL",11
"259","2019-11-03T20:00:00-00:00","2019-11-03T21:00:00-00:00",0,"2019-11-03",13,0,"ACTUAL","PGE-TAC","Total Actual Hourly Integrated Load","SYS_FCST_ACT_MW",3.1,8857,"ACTUAL",11
"260","2019-11-03T10:00:00-00:00","2019-11-03T11:00:00-00:00",0,"2019-11-03",3,0,"ACTUAL","PGE-TAC","Total Actual Hourly Integrated Load","SYS_FCST_ACT_MW",3.1,8681,"ACTUAL",11
"261","2019-11-03T14:00:00-00:00","2019-11-03T15:00:00-00:00",0,"2019-11-03",7,0,"ACTUAL","PGE-TAC","Total Actual Hourly Integrated Load","SYS_FCST_ACT_MW",3.1,9443,"ACTUAL",11
"262","2019-11-03T17:00:00-00:00","2019-11-03T18:00:00-00:00",0,"2019-11-03",10,0,"ACTUAL","PGE-TAC","Total Actual Hourly Integrated Load","SYS_FCST_ACT_MW",3.1,9035,"ACTUAL",11
"263","2019-11-03T22:00:00-00:00","2019-11-03T23:00:00-00:00",0,"2019-11-03",15,0,"ACTUAL","PGE-TAC","Total Actual Hourly Integrated Load","SYS_FCST_ACT_MW",3.1,9369,"ACTUAL",11
"264","2019-11-04T06:00:00-00:00","2019-11-04T07:00:00-00:00",0,"2019-11-03",23,0,"ACTUAL","PGE-TAC","Total Actual Hourly Integrated Load","SYS_FCST_ACT_MW",3.1,9846,"ACTUAL",11
"265","2019-11-03T08:00:00-00:00","2019-11-03T09:00:00-00:00",0,"2019-11-03",2,0,"ACTUAL","PSEI","Total Actual Hourly Integrated Load","SYS_FCST_ACT_MW",3.8,2351,"ACTUAL",12
"266","2019-11-03T10:00:00-00:00","2019-11-03T11:00:00-00:00",0,"2019-11-03",3,0,"ACTUAL","PSEI","Total Actual Hourly Integrated Load","SYS_FCST_ACT_MW",3.8,2346,"ACTUAL",12
"267","2019-11-03T12:00:00-00:00","2019-11-03T13:00:00-00:00",0,"2019-11-03",5,0,"ACTUAL","PSEI","Total Actual Hourly Integrated Load","SYS_FCST_ACT_MW",3.8,2509,"ACTUAL",12
"268","2019-11-03T22:00:00-00:00","2019-11-03T23:00:00-00:00",0,"2019-11-03",15,0,"ACTUAL","PSEI","Total Actual Hourly Integrated Load","SYS_FCST_ACT_MW",3.8,2788,"ACTUAL",12
"269","2019-11-03T09:00:00-00:00","2019-11-03T10:00:00-00:00",0,"2019-11-03",25,0,"ACTUAL","PSEI","Total Actual Hourly Integrated Load","SYS_FCST_ACT_MW",3.8,2332,"ACTUAL",12
"270","2019-11-03T16:00:00-00:00","2019-11-03T17:00:00-00:00",0,"2019-11-03",9,0,"ACTUAL","PSEI","Total Actual Hourly Integrated Load","SYS_FCST_ACT_MW",3.8,3268,"ACTUAL",12
"271","2019-11-03T17:00:00-00:00","2019-11-03T18:00:00-00:00",0,"2019-11-03",10,0,"ACTUAL","PSEI","Total Actual Hourly Integrated Load","SYS_FCST_ACT_MW",3.8,3220,"ACTUAL",12
"272","2019-11-03T19:00:00-00:00","2019-11-03T20:00:00-00:00",0,"2019-11-03",12,0,"ACTUAL","PSEI","Total Actual Hourly Integrated Load","SYS_FCST_ACT_MW",3.8,2985,"ACTUAL",12
"273","2019-11-03T21:00:00-00:00","2019-11-03T22:00:00-00:00",0,"2019-11-03",14,0,"ACTUAL","PSEI","Total Actual Hourly Integrated Load","SYS_FCST_ACT_MW",3.8,2830,"ACTUAL",12
"274","2019-11-03T13:00:00-00:00","2019-11-03T14:00:00-00:00",0,"2019-11-03",6,0,"ACTUAL","PSEI","Total Actual Hourly Integrated Load","SYS_FCST_ACT_MW",3.8,2693,"ACTUAL",12
"275","2019-11-04T01:00:00-00:00","2019-11-04T02:00:00-00:00",0,"2019-11-03",18,0,"ACTUAL","PSEI","Total Actual Hourly Integrated Load","SYS_FCST_ACT_MW",3.8,3243,"ACTUAL",12
"276","2019-11-04T03:00:00-00:00","2019-11-04T04:00:00-00:00",0,"2019-11-03",20,0,"ACTUAL","PSEI","Total Actual Hourly Integrated Load","SYS_FCST_ACT_MW",3.8,3177,"ACTUAL",12
"277","2019-11-04T04:00:00-00:00","2019-11-04T05:00:00-00:00",0,"2019-11-03",21,0,"ACTUAL","PSEI","Total Actual Hourly Integrated Load","SYS_FCST_ACT_MW",3.8,3048,"ACTUAL",12
"278","2019-11-03T14:00:00-00:00","2019-11-03T15:00:00-00:00",0,"2019-11-03",7,0,"ACTUAL","PSEI","Total Actual Hourly Integrated Load","SYS_FCST_ACT_MW",3.8,2927,"ACTUAL",12
"279","2019-11-03T18:00:00-00:00","2019-11-03T19:00:00-00:00",0,"2019-11-03",11,0,"ACTUAL","PSEI","Total Actual Hourly Integrated Load","SYS_FCST_ACT_MW",3.8,3098,"ACTUAL",12
"280","2019-11-04T07:00:00-00:00","2019-11-04T08:00:00-00:00",0,"2019-11-03",24,0,"ACTUAL","PSEI","Total Actual Hourly Integrated Load","SYS_FCST_ACT_MW",3.8,2439,"ACTUAL",12
"281","2019-11-03T11:00:00-00:00","2019-11-03T12:00:00-00:00",0,"2019-11-03",4,0,"ACTUAL","PSEI","Total Actual Hourly Integrated Load","SYS_FCST_ACT_MW",3.8,2399,"ACTUAL",12
"282","2019-11-03T20:00:00-00:00","2019-11-03T21:00:00-00:00",0,"2019-11-03",13,0,"ACTUAL","PSEI","Total Actual Hourly Integrated Load","SYS_FCST_ACT_MW",3.8,2899,"ACTUAL",12
"283","2019-11-03T23:00:00-00:00","2019-11-04T00:00:00-00:00",0,"2019-11-03",16,0,"ACTUAL","PSEI","Total Actual Hourly Integrated Load","SYS_FCST_ACT_MW",3.8,2824,"ACTUAL",12
"284","2019-11-04T00:00:00-00:00","2019-11-04T01:00:00-00:00",0,"2019-11-03",17,0,"ACTUAL","PSEI","Total Actual Hourly Integrated Load","SYS_FCST_ACT_MW",3.8,2999,"ACTUAL",12
"285","2019-11-04T02:00:00-00:00","2019-11-04T03:00:00-00:00",0,"2019-11-03",19,0,"ACTUAL","PSEI","Total Actual Hourly Integrated Load","SYS_FCST_ACT_MW",3.8,3244,"ACTUAL",12
"286","2019-11-04T06:00:00-00:00","2019-11-04T07:00:00-00:00",0,"2019-11-03",23,0,"ACTUAL","PSEI","Total Actual Hourly Integrated Load","SYS_FCST_ACT_MW",3.8,2608,"ACTUAL",12
"287","2019-11-04T05:00:00-00:00","2019-11-04T06:00:00-00:00",0,"2019-11-03",22,0,"ACTUAL","PSEI","Total Actual Hourly Integrated Load","SYS_FCST_ACT_MW",3.8,2843,"ACTUAL",12
"288","2019-11-03T15:00:00-00:00","2019-11-03T16:00:00-00:00",0,"2019-11-03",8,0,"ACTUAL","PSEI","Total Actual Hourly Integrated Load","SYS_FCST_ACT_MW",3.8,3157,"ACTUAL",12
"289","2019-11-03T08:00:00-00:00","2019-11-03T09:00:00-00:00",0,"2019-11-03",2,0,"ACTUAL","SCE-TAC","Total Actual Hourly Integrated Load","SYS_FCST_ACT_MW",3.2,8642,"ACTUAL",13
"290","2019-11-03T13:00:00-00:00","2019-11-03T14:00:00-00:00",0,"2019-11-03",6,0,"ACTUAL","SCE-TAC","Total Actual Hourly Integrated Load","SYS_FCST_ACT_MW",3.2,8591,"ACTUAL",13
"291","2019-11-03T21:00:00-00:00","2019-11-03T22:00:00-00:00",0,"2019-11-03",14,0,"ACTUAL","SCE-TAC","Total Actual Hourly Integrated Load","SYS_FCST_ACT_MW",3.2,9449,"ACTUAL",13
"292","2019-11-03T12:00:00-00:00","2019-11-03T13:00:00-00:00",0,"2019-11-03",5,0,"ACTUAL","SCE-TAC","Total Actual Hourly Integrated Load","SYS_FCST_ACT_MW",3.2,8406,"ACTUAL",13
"293","2019-11-04T01:00:00-00:00","2019-11-04T02:00:00-00:00",0,"2019-11-03",18,0,"ACTUAL","SCE-TAC","Total Actual Hourly Integrated Load","SYS_FCST_ACT_MW",3.2,11504,"ACTUAL",13
"294","2019-11-03T09:00:00-00:00","2019-11-03T10:00:00-00:00",0,"2019-11-03",25,0,"ACTUAL","SCE-TAC","Total Actual Hourly Integrated Load","SYS_FCST_ACT_MW",3.2,8430,"ACTUAL",13
"295","2019-11-04T03:00:00-00:00","2019-11-04T04:00:00-00:00",0,"2019-11-03",20,0,"ACTUAL","SCE-TAC","Total Actual Hourly Integrated Load","SYS_FCST_ACT_MW",3.2,11141,"ACTUAL",13
"296","2019-11-03T16:00:00-00:00","2019-11-03T17:00:00-00:00",0,"2019-11-03",9,0,"ACTUAL","SCE-TAC","Total Actual Hourly Integrated Load","SYS_FCST_ACT_MW",3.2,8624,"ACTUAL",13
"297","2019-11-03T17:00:00-00:00","2019-11-03T18:00:00-00:00",0,"2019-11-03",10,0,"ACTUAL","SCE-TAC","Total Actual Hourly Integrated Load","SYS_FCST_ACT_MW",3.2,8554,"ACTUAL",13
"298","2019-11-04T05:00:00-00:00","2019-11-04T06:00:00-00:00",0,"2019-11-03",22,0,"ACTUAL","SCE-TAC","Total Actual Hourly Integrated Load","SYS_FCST_ACT_MW",3.2,10208,"ACTUAL",13
"299","2019-11-04T07:00:00-00:00","2019-11-04T08:00:00-00:00",0,"2019-11-03",24,0,"ACTUAL","SCE-TAC","Total Actual Hourly Integrated Load","SYS_FCST_ACT_MW",3.2,9101,"ACTUAL",13
"300","2019-11-03T18:00:00-00:00","2019-11-03T19:00:00-00:00",0,"2019-11-03",11,0,"ACTUAL","SCE-TAC","Total Actual Hourly Integrated Load","SYS_FCST_ACT_MW",3.2,8584,"ACTUAL",13
"301","2019-11-03T23:00:00-00:00","2019-11-04T00:00:00-00:00",0,"2019-11-03",16,0,"ACTUAL","SCE-TAC","Total Actual Hourly Integrated Load","SYS_FCST_ACT_MW",3.2,10435,"ACTUAL",13
"302","2019-11-04T04:00:00-00:00","2019-11-04T05:00:00-00:00",0,"2019-11-03",21,0,"ACTUAL","SCE-TAC","Total Actual Hourly Integrated Load","SYS_FCST_ACT_MW",3.2,10714,"ACTUAL",13
"303","2019-11-03T10:00:00-00:00","2019-11-03T11:00:00-00:00",0,"2019-11-03",3,0,"ACTUAL","SCE-TAC","Total Actual Hourly Integrated Load","SYS_FCST_ACT_MW",3.2,8336,"ACTUAL",13
"304","2019-11-03T15:00:00-00:00","2019-11-03T16:00:00-00:00",0,"2019-11-03",8,0,"ACTUAL","SCE-TAC","Total Actual Hourly Integrated Load","SYS_FCST_ACT_MW",3.2,8712,"ACTUAL",13
"305","2019-11-03T11:00:00-00:00","2019-11-03T12:00:00-00:00",0,"2019-11-03",4,0,"ACTUAL","SCE-TAC","Total Actual Hourly Integrated Load","SYS_FCST_ACT_MW",3.2,8305,"ACTUAL",13
"306","2019-11-03T19:00:00-00:00","2019-11-03T20:00:00-00:00",0,"2019-11-03",12,0,"ACTUAL","SCE-TAC","Total Actual Hourly Integrated Load","SYS_FCST_ACT_MW",3.2,8773,"ACTUAL",13
"307","2019-11-03T20:00:00-00:00","2019-11-03T21:00:00-00:00",0,"2019-11-03",13,0,"ACTUAL","SCE-TAC","Total Actual Hourly Integrated Load","SYS_FCST_ACT_MW",3.2,9035,"ACTUAL",13
"308","2019-11-03T22:00:00-00:00","2019-11-03T23:00:00-00:00",0,"2019-11-03",15,0,"ACTUAL","SCE-TAC","Total Actual Hourly Integrated Load","SYS_FCST_ACT_MW",3.2,9945,"ACTUAL",13
"309","2019-11-04T02:00:00-00:00","2019-11-04T03:00:00-00:00",0,"2019-11-03",19,0,"ACTUAL","SCE-TAC","Total Actual Hourly Integrated Load","SYS_FCST_ACT_MW",3.2,11425,"ACTUAL",13
"310","2019-11-04T06:00:00-00:00","2019-11-04T07:00:00-00:00",0,"2019-11-03",23,0,"ACTUAL","SCE-TAC","Total Actual Hourly Integrated Load","SYS_FCST_ACT_MW",3.2,9599,"ACTUAL",13
"311","2019-11-04T00:00:00-00:00","2019-11-04T01:00:00-00:00",0,"2019-11-03",17,0,"ACTUAL","SCE-TAC","Total Actual Hourly Integrated Load","SYS_FCST_ACT_MW",3.2,10950,"ACTUAL",13
"312","2019-11-03T14:00:00-00:00","2019-11-03T15:00:00-00:00",0,"2019-11-03",7,0,"ACTUAL","SCE-TAC","Total Actual Hourly Integrated Load","SYS_FCST_ACT_MW",3.2,8677,"ACTUAL",13
"313","2019-11-03T22:00:00-00:00","2019-11-03T23:00:00-00:00",0,"2019-11-03",15,0,"ACTUAL","SDGE-TAC","Total Actual Hourly Integrated Load","SYS_FCST_ACT_MW",3.4,1978,"ACTUAL",14
"314","2019-11-04T06:00:00-00:00","2019-11-04T07:00:00-00:00",0,"2019-11-03",23,0,"ACTUAL","SDGE-TAC","Total Actual Hourly Integrated Load","SYS_FCST_ACT_MW",3.4,1977,"ACTUAL",14
"315","2019-11-04T07:00:00-00:00","2019-11-04T08:00:00-00:00",0,"2019-11-03",24,0,"ACTUAL","SDGE-TAC","Total Actual Hourly Integrated Load","SYS_FCST_ACT_MW",3.4,1850,"ACTUAL",14
"316","2019-11-04T00:00:00-00:00","2019-11-04T01:00:00-00:00",0,"2019-11-03",17,0,"ACTUAL","SDGE-TAC","Total Actual Hourly Integrated Load","SYS_FCST_ACT_MW",3.4,2366,"ACTUAL",14
"317","2019-11-04T03:00:00-00:00","2019-11-04T04:00:00-00:00",0,"2019-11-03",20,0,"ACTUAL","SDGE-TAC","Total Actual Hourly Integrated Load","SYS_FCST_ACT_MW",3.4,2419,"ACTUAL",14
"318","2019-11-04T05:00:00-00:00","2019-11-04T06:00:00-00:00",0,"2019-11-03",22,0,"ACTUAL","SDGE-TAC","Total Actual Hourly Integrated Load","SYS_FCST_ACT_MW",3.4,2145,"ACTUAL",14
"319","2019-11-03T08:00:00-00:00","2019-11-03T09:00:00-00:00",0,"2019-11-03",2,0,"ACTUAL","SDGE-TAC","Total Actual Hourly Integrated Load","SYS_FCST_ACT_MW",3.4,1788,"ACTUAL",14
"320","2019-11-03T13:00:00-00:00","2019-11-03T14:00:00-00:00",0,"2019-11-03",6,0,"ACTUAL","SDGE-TAC","Total Actual Hourly Integrated Load","SYS_FCST_ACT_MW",3.4,1783,"ACTUAL",14
"321","2019-11-03T14:00:00-00:00","2019-11-03T15:00:00-00:00",0,"2019-11-03",7,0,"ACTUAL","SDGE-TAC","Total Actual Hourly Integrated Load","SYS_FCST_ACT_MW",3.4,1858,"ACTUAL",14
"322","2019-11-03T20:00:00-00:00","2019-11-03T21:00:00-00:00",0,"2019-11-03",13,0,"ACTUAL","SDGE-TAC","Total Actual Hourly Integrated Load","SYS_FCST_ACT_MW",3.4,1689,"ACTUAL",14
"323","2019-11-03T09:00:00-00:00","2019-11-03T10:00:00-00:00",0,"2019-11-03",25,0,"ACTUAL","SDGE-TAC","Total Actual Hourly Integrated Load","SYS_FCST_ACT_MW",3.4,1749,"ACTUAL",14
"324","2019-11-03T15:00:00-00:00","2019-11-03T16:00:00-00:00",0,"2019-11-03",8,0,"ACTUAL","SDGE-TAC","Total Actual Hourly Integrated Load","SYS_FCST_ACT_MW",3.4,1888,"ACTUAL",14
"325","2019-11-03T17:00:00-00:00","2019-11-03T18:00:00-00:00",0,"2019-11-03",10,0,"ACTUAL","SDGE-TAC","Total Actual Hourly Integrated Load","SYS_FCST_ACT_MW",3.4,1657,"ACTUAL",14
"326","2019-11-03T19:00:00-00:00","2019-11-03T20:00:00-00:00",0,"2019-11-03",12,0,"ACTUAL","SDGE-TAC","Total Actual Hourly Integrated Load","SYS_FCST_ACT_MW",3.4,1633,"ACTUAL",14
"327","2019-11-03T10:00:00-00:00","2019-11-03T11:00:00-00:00",0,"2019-11-03",3,0,"ACTUAL","SDGE-TAC","Total Actual Hourly Integrated Load","SYS_FCST_ACT_MW",3.4,1713,"ACTUAL",14
"328","2019-11-03T11:00:00-00:00","2019-11-03T12:00:00-00:00",0,"2019-11-03",4,0,"ACTUAL","SDGE-TAC","Total Actual Hourly Integrated Load","SYS_FCST_ACT_MW",3.4,1708,"ACTUAL",14
"329","2019-11-03T18:00:00-00:00","2019-11-03T19:00:00-00:00",0,"2019-11-03",11,0,"ACTUAL","SDGE-TAC","Total Actual Hourly Integrated Load","SYS_FCST_ACT_MW",3.4,1617,"ACTUAL",14
"330","2019-11-03T23:00:00-00:00","2019-11-04T00:00:00-00:00",0,"2019-11-03",16,0,"ACTUAL","SDGE-TAC","Total Actual Hourly Integrated Load","SYS_FCST_ACT_MW",3.4,2162,"ACTUAL",14
"331","2019-11-04T02:00:00-00:00","2019-11-04T03:00:00-00:00",0,"2019-11-03",19,0,"ACTUAL","SDGE-TAC","Total Actual Hourly Integrated Load","SYS_FCST_ACT_MW",3.4,2522,"ACTUAL",14
"332","2019-11-03T21:00:00-00:00","2019-11-03T22:00:00-00:00",0,"2019-11-03",14,0,"ACTUAL","SDGE-TAC","Total Actual Hourly Integrated Load","SYS_FCST_ACT_MW",3.4,1809,"ACTUAL",14
"333","2019-11-04T01:00:00-00:00","2019-11-04T02:00:00-00:00",0,"2019-11-03",18,0,"ACTUAL","SDGE-TAC","Total Actual Hourly Integrated Load","SYS_FCST_ACT_MW",3.4,2548,"ACTUAL",14
"334","2019-11-04T04:00:00-00:00","2019-11-04T05:00:00-00:00",0,"2019-11-03",21,0,"ACTUAL","SDGE-TAC","Total Actual Hourly Integrated Load","SYS_FCST_ACT_MW",3.4,2299,"ACTUAL",14
"335","2019-11-03T12:00:00-00:00","2019-11-03T13:00:00-00:00",0,"2019-11-03",5,0,"ACTUAL","SDGE-TAC","Total Actual Hourly Integrated Load","SYS_FCST_ACT_MW",3.4,1731,"ACTUAL",14
"336","2019-11-03T16:00:00-00:00","2019-11-03T17:00:00-00:00",0,"2019-11-03",9,0,"ACTUAL","SDGE-TAC","Total Actual Hourly Integrated Load","SYS_FCST_ACT_MW",3.4,1732,"ACTUAL",14
"337","2019-11-03T11:00:00-00:00","2019-11-03T12:00:00-00:00",0,"2019-11-03",4,0,"ACTUAL","VEA-TAC","Total Actual Hourly Integrated Load","SYS_FCST_ACT_MW",3.5,64,"ACTUAL",15
"338","2019-11-03T14:00:00-00:00","2019-11-03T15:00:00-00:00",0,"2019-11-03",7,0,"ACTUAL","VEA-TAC","Total Actual Hourly Integrated Load","SYS_FCST_ACT_MW",3.5,78,"ACTUAL",15
"339","2019-11-03T21:00:00-00:00","2019-11-03T22:00:00-00:00",0,"2019-11-03",14,0,"ACTUAL","VEA-TAC","Total Actual Hourly Integrated Load","SYS_FCST_ACT_MW",3.5,47,"ACTUAL",15
"340","2019-11-03T17:00:00-00:00","2019-11-03T18:00:00-00:00",0,"2019-11-03",10,0,"ACTUAL","VEA-TAC","Total Actual Hourly Integrated Load","SYS_FCST_ACT_MW",3.5,56,"ACTUAL",15
"341","2019-11-03T13:00:00-00:00","2019-11-03T14:00:00-00:00",0,"2019-11-03",6,0,"ACTUAL","VEA-TAC","Total Actual Hourly Integrated Load","SYS_FCST_ACT_MW",3.5,75,"ACTUAL",15
"342","2019-11-03T10:00:00-00:00","2019-11-03T11:00:00-00:00",0,"2019-11-03",3,0,"ACTUAL","VEA-TAC","Total Actual Hourly Integrated Load","SYS_FCST_ACT_MW",3.5,60,"ACTUAL",15
"343","2019-11-03T08:00:00-00:00","2019-11-03T09:00:00-00:00",0,"2019-11-03",2,0,"ACTUAL","VEA-TAC","Total Actual Hourly Integrated Load","SYS_FCST_ACT_MW",3.5,54,"ACTUAL",15
"344","2019-11-04T04:00:00-00:00","2019-11-04T05:00:00-00:00",0,"2019-11-03",21,0,"ACTUAL","VEA-TAC","Total Actual Hourly Integrated Load","SYS_FCST_ACT_MW",3.5,53,"ACTUAL",15
"345","2019-11-03T20:00:00-00:00","2019-11-03T21:00:00-00:00",0,"2019-11-03",13,0,"ACTUAL","VEA-TAC","Total Actual Hourly Integrated Load","SYS_FCST_ACT_MW",3.5,47,"ACTUAL",15
"346","2019-11-04T03:00:00-00:00","2019-11-04T04:00:00-00:00",0,"2019-11-03",20,0,"ACTUAL","VEA-TAC","Total Actual Hourly Integrated Load","SYS_FCST_ACT_MW",3.5,54,"ACTUAL",15
"347","2019-11-04T02:00:00-00:00","2019-11-04T03:00:00-00:00",0,"2019-11-03",19,0,"ACTUAL","VEA-TAC","Total Actual Hourly Integrated Load","SYS_FCST_ACT_MW",3.5,56,"ACTUAL",15
"348","2019-11-03T22:00:00-00:00","2019-11-03T23:00:00-00:00",0,"2019-11-03",15,0,"ACTUAL","VEA-TAC","Total Actual Hourly Integrated Load","SYS_FCST_ACT_MW",3.5,48,"ACTUAL",15
"349","2019-11-04T07:00:00-00:00","2019-11-04T08:00:00-00:00",0,"2019-11-03",24,0,"ACTUAL","VEA-TAC","Total Actual Hourly Integrated Load","SYS_FCST_ACT_MW",3.5,50,"ACTUAL",15
"350","2019-11-04T00:00:00-00:00","2019-11-04T01:00:00-00:00",0,"2019-11-03",17,0,"ACTUAL","VEA-TAC","Total Actual Hourly Integrated Load","SYS_FCST_ACT_MW",3.5,53,"ACTUAL",15
"351","2019-11-03T16:00:00-00:00","2019-11-03T17:00:00-00:00",0,"2019-11-03",9,0,"ACTUAL","VEA-TAC","Total Actual Hourly Integrated Load","SYS_FCST_ACT_MW",3.5,64,"ACTUAL",15
"352","2019-11-03T15:00:00-00:00","2019-11-03T16:00:00-00:00",0,"2019-11-03",8,0,"ACTUAL","VEA-TAC","Total Actual Hourly Integrated Load","SYS_FCST_ACT_MW",3.5,72,"ACTUAL",15
"353","2019-11-03T09:00:00-00:00","2019-11-03T10:00:00-00:00",0,"2019-11-03",25,0,"ACTUAL","VEA-TAC","Total Actual Hourly Integrated Load","SYS_FCST_ACT_MW",3.5,57,"ACTUAL",15
"354","2019-11-04T05:00:00-00:00","2019-11-04T06:00:00-00:00",0,"2019-11-03",22,0,"ACTUAL","VEA-TAC","Total Actual Hourly Integrated Load","SYS_FCST_ACT_MW",3.5,51,"ACTUAL",15
"355","2019-11-03T23:00:00-00:00","2019-11-04T00:00:00-00:00",0,"2019-11-03",16,0,"ACTUAL","VEA-TAC","Total Actual Hourly Integrated Load","SYS_FCST_ACT_MW",3.5,50,"ACTUAL",15
"356","2019-11-03T19:00:00-00:00","2019-11-03T20:00:00-00:00",0,"2019-11-03",12,0,"ACTUAL","VEA-TAC","Total Actual Hourly Integrated Load","SYS_FCST_ACT_MW",3.5,48,"ACTUAL",15
"357","2019-11-03T18:00:00-00:00","2019-11-03T19:00:00-00:00",0,"2019-11-03",11,0,"ACTUAL","VEA-TAC","Total Actual Hourly Integrated Load","SYS_FCST_ACT_MW",3.5,51,"ACTUAL",15
"358","2019-11-03T12:00:00-00:00","2019-11-03T13:00:00-00:00",0,"2019-11-03",5,0,"ACTUAL","VEA-TAC","Total Actual Hourly Integrated Load","SYS_FCST_ACT_MW",3.5,69,"ACTUAL",15
"359","2019-11-04T01:00:00-00:00","2019-11-04T02:00:00-00:00",0,"2019-11-03",18,0,"ACTUAL","VEA-TAC","Total Actual Hourly Integrated Load","SYS_FCST_ACT_MW",3.5,56,"ACTUAL",15
"360","2019-11-04T06:00:00-00:00","2019-11-04T07:00:00-00:00",0,"2019-11-03",23,0,"ACTUAL","VEA-TAC","Total Actual Hourly Integrated Load","SYS_FCST_ACT_MW",3.5,50,"ACTUAL",15
